filename,width,height,class,xmin,ymin,xmax,ymax
162.jpg,1280,960,shelf,198,486,860,728
162.jpg,1280,960,shelf,175,253,856,491
162.jpg,1280,960,shelf,176,24,822,258
162.jpg,1280,960,shelf,239,728,863,956
88.jpg,1280,960,shelf,324,556,1084,894
88.jpg,1280,960,shelf,323,248,1084,519
88.jpg,1280,960,shelf,359,1,1034,224
176.jpg,1280,960,shelf,197,268,777,473
176.jpg,1280,960,shelf,206,26,769,274
176.jpg,1280,960,shelf,195,483,788,667
176.jpg,1280,960,shelf,193,678,803,886
63.jpg,1280,960,shelf,207,540,869,860
63.jpg,1280,960,shelf,168,0,949,196
63.jpg,1280,960,shelf,207,197,905,558
77.jpg,1280,960,shelf,332,309,873,531
77.jpg,1280,960,shelf,341,573,944,801
77.jpg,1280,960,shelf,365,79,846,274
77.jpg,1280,960,shelf,328,810,949,960
189.jpg,1280,960,shelf,207,195,815,445
189.jpg,1280,960,shelf,197,446,819,696
189.jpg,1280,960,shelf,208,1,803,243
214.jpg,1280,960,shelf,190,470,779,677
214.jpg,1280,960,shelf,194,279,771,475
214.jpg,1280,960,shelf,196,75,745,303
200.jpg,1280,960,shelf,195,252,808,480
200.jpg,1280,960,shelf,188,478,821,689
200.jpg,1280,960,shelf,194,24,797,282
200.jpg,1280,960,shelf,196,699,836,892
228.jpg,1280,960,shelf,188,539,788,759
228.jpg,1280,960,shelf,193,735,794,960
228.jpg,1280,960,shelf,217,329,743,538
229.jpg,1280,960,shelf,248,274,787,493
229.jpg,1280,960,shelf,258,500,792,766
229.jpg,1280,960,shelf,235,50,799,303
201.jpg,1280,960,shelf,216,247,878,477
201.jpg,1280,960,shelf,207,477,898,721
201.jpg,1280,960,shelf,206,17,855,254
201.jpg,1280,960,shelf,201,707,916,947
215.jpg,1280,960,shelf,218,268,868,467
215.jpg,1280,960,shelf,247,46,865,271
215.jpg,1280,960,shelf,231,476,876,705
76.jpg,1280,960,shelf,199,273,802,513
76.jpg,1280,960,shelf,196,504,832,772
76.jpg,1280,960,shelf,200,22,768,223
62.jpg,1280,960,shelf,194,554,931,928
62.jpg,1280,960,shelf,197,1,1017,173
62.jpg,1280,960,shelf,199,139,1018,550
89.jpg,1280,960,shelf,250,533,972,853
89.jpg,1280,960,shelf,208,230,989,509
89.jpg,1280,960,shelf,200,0,964,175
177.jpg,1280,960,shelf,180,255,800,474
177.jpg,1280,960,shelf,198,3,799,275
177.jpg,1280,960,shelf,169,479,803,657
177.jpg,1280,960,shelf,185,683,802,870
163.jpg,1280,960,shelf,231,194,786,415
163.jpg,1280,960,shelf,204,407,810,653
163.jpg,1280,960,shelf,242,11,801,236
175.jpg,1280,960,shelf,207,247,813,475
175.jpg,1280,960,shelf,194,481,818,692
175.jpg,1280,960,shelf,202,17,788,278
175.jpg,1280,960,shelf,190,705,861,908
161.jpg,1280,960,shelf,177,482,740,664
161.jpg,1280,960,shelf,161,7,763,287
161.jpg,1280,960,shelf,161,254,778,479
161.jpg,1280,960,shelf,167,674,742,854
161.jpg,1280,960,shelf,221,850,752,960
149.jpg,1280,960,shelf,284,412,1004,736
149.jpg,1280,960,shelf,259,135,983,401
149.jpg,1280,960,shelf,306,0,928,147
48.jpg,1280,960,shelf,205,586,967,899
48.jpg,1280,960,shelf,191,367,970,610
74.jpg,1280,960,shelf,266,559,950,837
74.jpg,1280,960,shelf,305,338,928,547
74.jpg,1280,960,shelf,268,842,944,960
60.jpg,1280,960,shelf,190,17,789,260
60.jpg,1280,960,shelf,183,536,769,824
60.jpg,1280,960,shelf,189,251,792,534
60.jpg,1280,960,shelf,248,791,776,960
203.jpg,1280,960,shelf,282,478,959,761
203.jpg,1280,960,shelf,280,241,952,463
203.jpg,1280,960,shelf,213,14,969,232
217.jpg,1280,960,shelf,249,475,844,698
217.jpg,1280,960,shelf,230,276,839,462
217.jpg,1280,960,shelf,224,56,836,268
216.jpg,1280,960,shelf,223,479,757,676
216.jpg,1280,960,shelf,184,260,746,457
216.jpg,1280,960,shelf,183,79,558,302
202.jpg,1280,960,shelf,265,477,894,718
202.jpg,1280,960,shelf,258,267,889,465
202.jpg,1280,960,shelf,236,32,908,258
61.jpg,1280,960,shelf,193,232,924,546
61.jpg,1280,960,shelf,165,7,907,227
61.jpg,1280,960,shelf,185,535,880,896
75.jpg,1280,960,shelf,348,298,940,548
75.jpg,1280,960,shelf,316,535,966,796
75.jpg,1280,960,shelf,336,63,957,273
75.jpg,1280,960,shelf,385,802,951,960
49.jpg,1280,960,shelf,152,298,820,547
49.jpg,1280,960,shelf,125,534,856,786
49.jpg,1280,960,shelf,132,33,810,297
148.jpg,1280,960,shelf,150,261,710,466
148.jpg,1280,960,shelf,165,484,706,662
148.jpg,1280,960,shelf,165,670,738,852
160.jpg,1280,960,shelf,228,498,951,769
160.jpg,1280,960,shelf,218,220,929,496
160.jpg,1280,960,shelf,195,0,905,211
160.jpg,1280,960,shelf,232,727,960,960
174.jpg,1280,960,shelf,192,431,720,661
174.jpg,1280,960,shelf,210,20,704,268
174.jpg,1280,960,shelf,190,216,712,443
158.jpg,1280,960,shelf,146,259,721,465
158.jpg,1280,960,shelf,177,14,713,277
158.jpg,1280,960,shelf,178,691,749,867
158.jpg,1280,960,shelf,151,482,741,656
170.jpg,1280,960,shelf,199,196,873,437
170.jpg,1280,960,shelf,186,431,873,710
170.jpg,1280,960,shelf,208,5,871,211
164.jpg,1280,960,shelf,193,488,794,668
164.jpg,1280,960,shelf,174,22,756,263
164.jpg,1280,960,shelf,163,248,779,478
164.jpg,1280,960,shelf,189,687,802,880
71.jpg,1280,960,shelf,212,259,830,506
71.jpg,1280,960,shelf,192,529,849,762
71.jpg,1280,960,shelf,213,8,782,215
65.jpg,1280,960,shelf,174,530,768,824
65.jpg,1280,960,shelf,186,256,779,538
65.jpg,1280,960,shelf,192,8,794,259
65.jpg,1280,960,shelf,264,790,763,960
59.jpg,1280,960,shelf,188,522,741,811
59.jpg,1280,960,shelf,256,782,727,960
59.jpg,1280,960,shelf,181,263,704,527
206.jpg,1280,960,shelf,232,56,830,289
206.jpg,1280,960,shelf,244,480,842,691
206.jpg,1280,960,shelf,221,273,826,476
212.jpg,1280,960,shelf,152,285,628,467
212.jpg,1280,960,shelf,186,475,671,669
212.jpg,1280,960,shelf,171,62,688,305
213.jpg,1280,960,shelf,196,468,776,677
213.jpg,1280,960,shelf,193,269,762,470
213.jpg,1280,960,shelf,184,66,747,300
207.jpg,1280,960,shelf,236,469,823,695
207.jpg,1280,960,shelf,215,273,811,477
207.jpg,1280,960,shelf,203,53,832,276
58.jpg,1280,960,shelf,195,0,938,198
58.jpg,1280,960,shelf,193,553,926,914
58.jpg,1280,960,shelf,171,193,943,561
64.jpg,1280,960,shelf,190,539,840,871
64.jpg,1280,960,shelf,193,7,863,245
64.jpg,1280,960,shelf,182,230,876,550
70.jpg,1280,960,shelf,260,571,951,824
70.jpg,1280,960,shelf,293,345,934,544
70.jpg,1280,960,shelf,311,835,895,955
165.jpg,1280,960,shelf,152,21,768,257
165.jpg,1280,960,shelf,166,255,766,477
165.jpg,1280,960,shelf,180,485,751,662
165.jpg,1280,960,shelf,159,675,752,851
171.jpg,1280,960,shelf,203,12,772,290
171.jpg,1280,960,shelf,197,257,790,470
171.jpg,1280,960,shelf,177,479,779,662
171.jpg,1280,960,shelf,192,658,768,864
159.jpg,1280,960,shelf,177,488,805,684
159.jpg,1280,960,shelf,169,255,802,480
159.jpg,1280,960,shelf,182,14,785,256
159.jpg,1280,960,shelf,173,704,802,887
99.jpg,1280,960,shelf,311,245,916,480
99.jpg,1280,960,shelf,295,513,912,756
99.jpg,1280,960,shelf,281,12,884,247
167.jpg,1280,960,shelf,199,253,812,472
167.jpg,1280,960,shelf,209,482,844,696
167.jpg,1280,960,shelf,217,12,792,269
167.jpg,1280,960,shelf,240,696,843,900
173.jpg,1280,960,shelf,203,198,859,437
173.jpg,1280,960,shelf,201,443,844,702
173.jpg,1280,960,shelf,209,2,869,207
66.jpg,1280,960,shelf,189,520,733,811
66.jpg,1280,960,shelf,190,257,780,511
66.jpg,1280,960,shelf,181,17,738,259
66.jpg,1280,960,shelf,250,760,727,960
198.jpg,1280,960,shelf,216,20,814,263
198.jpg,1280,960,shelf,202,255,824,481
198.jpg,1280,960,shelf,195,482,832,688
198.jpg,1280,960,shelf,207,708,825,888
72.jpg,1280,960,shelf,189,274,733,500
72.jpg,1280,960,shelf,172,503,763,731
72.jpg,1280,960,shelf,183,30,729,266
8.jpg,1280,960,shelf,309,126,782,388
8.jpg,1280,960,shelf,306,393,791,672
8.jpg,1280,960,shelf,321,2,786,143
239.jpg,1280,960,shelf,246,248,950,522
239.jpg,1280,960,shelf,292,511,936,860
239.jpg,1280,960,shelf,283,16,930,260
211.jpg,1280,960,shelf,253,476,951,730
211.jpg,1280,960,shelf,256,253,933,475
211.jpg,1280,960,shelf,248,26,921,252
205.jpg,1280,960,shelf,223,473,825,688
205.jpg,1280,960,shelf,212,51,857,280
205.jpg,1280,960,shelf,223,265,842,475
204.jpg,1280,960,shelf,231,476,898,700
204.jpg,1280,960,shelf,223,264,890,468
204.jpg,1280,960,shelf,243,45,901,277
210.jpg,1280,960,shelf,205,470,824,681
210.jpg,1280,960,shelf,217,273,818,473
210.jpg,1280,960,shelf,202,64,798,290
238.jpg,1280,960,shelf,206,579,999,842
238.jpg,1280,960,shelf,199,312,959,547
9.jpg,1280,960,shelf,342,383,930,679
9.jpg,1280,960,shelf,306,61,968,365
73.jpg,1280,960,shelf,323,541,878,769
73.jpg,1280,960,shelf,344,315,866,538
73.jpg,1280,960,shelf,333,90,890,292
73.jpg,1280,960,shelf,328,763,881,960
67.jpg,1280,960,shelf,180,521,717,797
67.jpg,1280,960,shelf,191,256,793,495
67.jpg,1280,960,shelf,186,12,768,255
67.jpg,1280,960,shelf,213,770,737,960
172.jpg,1280,960,shelf,232,12,887,241
172.jpg,1280,960,shelf,209,492,872,713
172.jpg,1280,960,shelf,231,251,891,482
172.jpg,1280,960,shelf,227,714,873,910
98.jpg,1280,960,shelf,316,248,881,484
98.jpg,1280,960,shelf,269,500,891,743
98.jpg,1280,960,shelf,286,43,853,258
166.jpg,1280,960,shelf,241,494,919,764
166.jpg,1280,960,shelf,201,8,918,222
166.jpg,1280,960,shelf,195,729,921,953
166.jpg,1280,960,shelf,234,240,906,469
101.jpg,1280,960,shelf,290,502,925,756
101.jpg,1280,960,shelf,284,17,870,249
101.jpg,1280,960,shelf,315,245,897,478
129.jpg,1280,960,shelf,291,554,887,799
129.jpg,1280,960,shelf,258,297,893,548
129.jpg,1280,960,shelf,247,45,888,272
129.jpg,1280,960,shelf,273,807,905,960
28.jpg,1280,960,shelf,158,532,924,836
28.jpg,1280,960,shelf,131,288,918,555
28.jpg,1280,960,shelf,127,3,906,272
14.jpg,1280,960,shelf,300,18,997,369
14.jpg,1280,960,shelf,339,369,993,699
288.jpg,1280,960,shelf,262,515,902,773
288.jpg,1280,960,shelf,278,291,892,524
288.jpg,1280,960,shelf,264,771,892,955
289.jpg,1280,960,shelf,187,223,953,495
289.jpg,1280,960,shelf,236,495,960,840
289.jpg,1280,960,shelf,284,0,960,184
276.jpg,1280,960,shelf,221,280,822,522
276.jpg,1280,960,shelf,225,485,835,783
276.jpg,1280,960,shelf,216,779,831,960
15.jpg,1280,960,shelf,345,382,872,682
15.jpg,1280,960,shelf,326,131,863,379
15.jpg,1280,960,shelf,337,2,866,125
29.jpg,1280,960,shelf,142,554,1025,928
29.jpg,1280,960,shelf,211,200,1036,593
29.jpg,1280,960,shelf,203,1,1045,219
128.jpg,1280,960,shelf,243,557,868,784
128.jpg,1280,960,shelf,268,315,855,565
128.jpg,1280,960,shelf,255,772,860,960
114.jpg,1280,960,shelf,274,577,1027,895
114.jpg,1280,960,shelf,284,288,1019,584
114.jpg,1280,960,shelf,239,5,1014,220
100.jpg,1280,960,shelf,217,542,926,777
100.jpg,1280,960,shelf,253,321,889,523
100.jpg,1280,960,shelf,255,798,887,944
116.jpg,1280,960,shelf,236,543,798,757
116.jpg,1280,960,shelf,244,321,802,549
116.jpg,1280,960,shelf,251,730,807,952
102.jpg,1280,960,shelf,285,31,821,275
102.jpg,1280,960,shelf,301,263,828,481
102.jpg,1280,960,shelf,273,488,850,718
17.jpg,1280,960,shelf,384,191,897,390
17.jpg,1280,960,shelf,397,644,880,898
17.jpg,1280,960,shelf,399,10,927,175
17.jpg,1280,960,shelf,393,407,878,641
260.jpg,1280,960,shelf,276,522,1038,881
260.jpg,1280,960,shelf,294,296,1040,521
274.jpg,1280,960,shelf,166,257,734,494
274.jpg,1280,960,shelf,178,499,760,745
274.jpg,1280,960,shelf,184,38,737,278
248.jpg,1280,960,shelf,246,281,839,501
248.jpg,1280,960,shelf,263,505,823,786
248.jpg,1280,960,shelf,274,44,837,294
249.jpg,1280,960,shelf,231,572,966,855
249.jpg,1280,960,shelf,225,302,979,547
275.jpg,1280,960,shelf,158,245,812,503
275.jpg,1280,960,shelf,166,499,793,764
275.jpg,1280,960,shelf,211,13,767,255
261.jpg,1280,960,shelf,229,268,790,516
261.jpg,1280,960,shelf,246,766,806,960
261.jpg,1280,960,shelf,221,484,831,779
16.jpg,1280,960,shelf,379,219,791,401
16.jpg,1280,960,shelf,388,630,805,850
16.jpg,1280,960,shelf,387,419,809,628
16.jpg,1280,960,shelf,393,5,784,224
16.jpg,1280,960,shelf,392,858,805,960
103.jpg,1280,960,shelf,287,513,945,781
103.jpg,1280,960,shelf,317,11,929,223
103.jpg,1280,960,shelf,305,240,937,476
117.jpg,1280,960,shelf,287,20,933,239
117.jpg,1280,960,shelf,252,577,936,805
117.jpg,1280,960,shelf,301,320,933,551
117.jpg,1280,960,shelf,347,823,915,960
113.jpg,1280,960,shelf,262,542,836,769
113.jpg,1280,960,shelf,267,313,840,539
113.jpg,1280,960,shelf,363,762,825,960
113.jpg,1280,960,shelf,279,56,828,285
107.jpg,1280,960,shelf,278,586,919,839
107.jpg,1280,960,shelf,277,327,950,581
12.jpg,1280,960,shelf,375,417,805,616
12.jpg,1280,960,shelf,381,197,814,403
12.jpg,1280,960,shelf,390,626,804,855
12.jpg,1280,960,shelf,381,1,789,229
12.jpg,1280,960,shelf,420,854,830,960
259.jpg,1280,960,shelf,245,274,810,497
259.jpg,1280,960,shelf,260,510,794,764
259.jpg,1280,960,shelf,265,55,806,303
265.jpg,1280,960,shelf,176,496,925,816
265.jpg,1280,960,shelf,182,228,923,514
265.jpg,1280,960,shelf,163,0,921,200
271.jpg,1280,960,shelf,271,290,819,519
271.jpg,1280,960,shelf,272,534,854,760
271.jpg,1280,960,shelf,301,49,826,318
271.jpg,1280,960,shelf,308,742,836,952
270.jpg,1280,960,shelf,252,264,820,515
270.jpg,1280,960,shelf,208,771,837,960
270.jpg,1280,960,shelf,191,471,871,775
264.jpg,1280,960,shelf,155,252,746,498
264.jpg,1280,960,shelf,166,495,782,736
264.jpg,1280,960,shelf,198,34,762,271
258.jpg,1280,960,shelf,284,271,846,518
258.jpg,1280,960,shelf,307,46,840,260
258.jpg,1280,960,shelf,300,530,870,810
258.jpg,1280,960,shelf,338,771,872,960
106.jpg,1280,960,shelf,290,578,955,837
106.jpg,1280,960,shelf,264,1,969,236
106.jpg,1280,960,shelf,281,305,976,580
106.jpg,1280,960,shelf,358,840,938,960
112.jpg,1280,960,shelf,291,560,822,785
112.jpg,1280,960,shelf,264,319,827,565
112.jpg,1280,960,shelf,323,761,850,960
112.jpg,1280,960,shelf,273,60,834,281
138.jpg,1280,960,shelf,212,195,790,425
138.jpg,1280,960,shelf,209,420,797,645
138.jpg,1280,960,shelf,203,15,795,204
104.jpg,1280,960,shelf,307,264,820,485
104.jpg,1280,960,shelf,274,490,837,734
104.jpg,1280,960,shelf,305,27,824,265
110.jpg,1280,960,shelf,315,568,946,842
110.jpg,1280,960,shelf,270,17,955,265
110.jpg,1280,960,shelf,277,308,953,551
110.jpg,1280,960,shelf,395,832,913,960
11.jpg,1280,960,shelf,332,640,847,827
11.jpg,1280,960,shelf,357,424,846,601
11.jpg,1280,960,shelf,358,208,872,388
11.jpg,1280,960,shelf,383,1,875,194
39.jpg,1280,960,shelf,117,296,798,537
39.jpg,1280,960,shelf,140,534,876,801
39.jpg,1280,960,shelf,129,33,692,277
272.jpg,1280,960,shelf,295,290,888,537
272.jpg,1280,960,shelf,285,523,932,771
272.jpg,1280,960,shelf,290,773,914,949
272.jpg,1280,960,shelf,306,38,856,292
266.jpg,1280,960,shelf,277,531,865,773
266.jpg,1280,960,shelf,305,290,853,531
266.jpg,1280,960,shelf,312,761,884,948
266.jpg,1280,960,shelf,323,42,814,314
267.jpg,1280,960,shelf,153,504,895,793
267.jpg,1280,960,shelf,159,244,900,504
267.jpg,1280,960,shelf,160,0,911,218
273.jpg,1280,960,shelf,260,243,958,505
273.jpg,1280,960,shelf,192,483,1014,822
38.jpg,1280,960,shelf,140,294,782,521
38.jpg,1280,960,shelf,164,34,797,304
38.jpg,1280,960,shelf,139,535,811,764
10.jpg,1280,960,shelf,385,109,1010,384
10.jpg,1280,960,shelf,384,387,1035,671
10.jpg,1280,960,shelf,397,658,1033,960
111.jpg,1280,960,shelf,254,571,862,788
111.jpg,1280,960,shelf,268,328,882,569
111.jpg,1280,960,shelf,281,789,857,960
105.jpg,1280,960,shelf,272,554,874,796
105.jpg,1280,960,shelf,252,309,884,568
139.jpg,1280,960,shelf,199,220,922,495
139.jpg,1280,960,shelf,235,499,930,769
139.jpg,1280,960,shelf,202,0,906,210
139.jpg,1280,960,shelf,225,733,939,951
120.jpg,1280,960,shelf,275,541,881,777
120.jpg,1280,960,shelf,279,23,884,275
120.jpg,1280,960,shelf,282,312,893,532
120.jpg,1280,960,shelf,321,801,900,960
134.jpg,1280,960,shelf,153,504,895,793
134.jpg,1280,960,shelf,159,244,900,504
134.jpg,1280,960,shelf,160,0,911,218
108.jpg,1280,960,shelf,253,560,907,807
108.jpg,1280,960,shelf,254,311,892,580
21.jpg,1280,960,shelf,397,652,871,884
21.jpg,1280,960,shelf,393,185,853,384
21.jpg,1280,960,shelf,394,6,871,181
21.jpg,1280,960,shelf,397,400,867,638
35.jpg,1280,960,shelf,136,30,868,282
35.jpg,1280,960,shelf,131,289,887,550
35.jpg,1280,960,shelf,130,537,912,836
256.jpg,1280,960,shelf,231,569,949,839
256.jpg,1280,960,shelf,219,304,949,544
242.jpg,1280,960,shelf,219,550,892,820
242.jpg,1280,960,shelf,200,310,880,539
242.jpg,1280,960,shelf,239,796,885,960
281.jpg,1280,960,shelf,162,497,769,740
281.jpg,1280,960,shelf,169,265,750,500
281.jpg,1280,960,shelf,194,26,728,267
280.jpg,1280,960,shelf,280,301,796,527
280.jpg,1280,960,shelf,260,541,847,752
280.jpg,1280,960,shelf,279,753,879,955
280.jpg,1280,960,shelf,333,55,785,312
243.jpg,1280,960,shelf,275,539,1055,894
243.jpg,1280,960,shelf,258,174,1058,543
243.jpg,1280,960,shelf,273,0,1079,179
257.jpg,1280,960,shelf,269,515,974,884
257.jpg,1280,960,shelf,246,1,1023,203
257.jpg,1280,960,shelf,266,216,990,531
20.jpg,1280,960,shelf,344,127,882,365
20.jpg,1280,960,shelf,342,383,893,678
20.jpg,1280,960,shelf,342,1,872,125
109.jpg,1280,960,shelf,230,535,788,748
109.jpg,1280,960,shelf,248,345,784,561
109.jpg,1280,960,shelf,246,730,795,959
135.jpg,1280,960,shelf,153,504,895,793
135.jpg,1280,960,shelf,159,244,900,504
135.jpg,1280,960,shelf,160,0,911,218
121.jpg,1280,960,shelf,271,549,916,825
121.jpg,1280,960,shelf,260,316,920,567
137.jpg,1280,960,shelf,200,248,956,513
137.jpg,1280,960,shelf,220,490,985,809
123.jpg,1280,960,shelf,242,554,861,793
123.jpg,1280,960,shelf,268,325,880,565
123.jpg,1280,960,shelf,251,778,866,960
36.jpg,1280,960,shelf,139,33,808,305
36.jpg,1280,960,shelf,118,305,792,539
36.jpg,1280,960,shelf,128,539,858,784
22.jpg,1280,960,shelf,324,140,854,376
22.jpg,1280,960,shelf,328,385,873,679
22.jpg,1280,960,shelf,318,1,853,129
241.jpg,1280,960,shelf,183,546,818,769
241.jpg,1280,960,shelf,217,328,784,540
241.jpg,1280,960,shelf,190,745,794,960
255.jpg,1280,960,shelf,190,552,889,803
255.jpg,1280,960,shelf,191,332,881,538
255.jpg,1280,960,shelf,196,806,900,960
269.jpg,1280,960,shelf,282,297,849,531
269.jpg,1280,960,shelf,325,763,858,947
269.jpg,1280,960,shelf,294,530,851,772
269.jpg,1280,960,shelf,294,55,826,307
282.jpg,1280,960,shelf,165,267,716,505
282.jpg,1280,960,shelf,174,498,751,734
282.jpg,1280,960,shelf,202,12,710,289
283.jpg,1280,960,shelf,200,248,956,513
283.jpg,1280,960,shelf,220,490,985,809
268.jpg,1280,960,shelf,278,260,1022,536
268.jpg,1280,960,shelf,273,539,1020,844
268.jpg,1280,960,shelf,335,0,1036,252
254.jpg,1280,960,shelf,258,277,806,496
254.jpg,1280,960,shelf,254,503,804,762
254.jpg,1280,960,shelf,274,43,802,310
240.jpg,1280,960,shelf,237,569,958,855
240.jpg,1280,960,shelf,220,296,982,551
23.jpg,1280,960,shelf,386,188,898,390
23.jpg,1280,960,shelf,396,645,863,886
23.jpg,1280,960,shelf,403,404,872,632
23.jpg,1280,960,shelf,389,1,875,188
37.jpg,1280,960,shelf,166,374,806,564
37.jpg,1280,960,shelf,173,586,805,822
37.jpg,1280,960,shelf,203,798,831,960
122.jpg,1280,960,shelf,279,318,954,572
122.jpg,1280,960,shelf,289,580,940,837
136.jpg,1280,960,shelf,200,248,956,513
136.jpg,1280,960,shelf,220,490,985,809
132.jpg,1280,960,shelf,264,524,988,825
132.jpg,1280,960,shelf,280,286,1007,527
132.jpg,1280,960,shelf,309,1,996,263
132.jpg,1280,960,shelf,281,811,980,960
126.jpg,1280,960,shelf,318,579,1012,887
126.jpg,1280,960,shelf,301,1,1010,241
126.jpg,1280,960,shelf,275,309,1012,562
33.jpg,1280,960,shelf,144,528,976,901
33.jpg,1280,960,shelf,97,268,959,562
33.jpg,1280,960,shelf,120,0,945,259
27.jpg,1280,960,shelf,122,303,769,527
27.jpg,1280,960,shelf,119,539,819,759
27.jpg,1280,960,shelf,153,44,781,311
278.jpg,1280,960,shelf,284,294,836,526
278.jpg,1280,960,shelf,267,521,839,763
278.jpg,1280,960,shelf,331,34,850,307
278.jpg,1280,960,shelf,292,761,855,953
244.jpg,1280,960,shelf,273,510,858,791
244.jpg,1280,960,shelf,245,261,872,503
244.jpg,1280,960,shelf,248,44,873,284
250.jpg,1280,960,shelf,272,507,891,832
250.jpg,1280,960,shelf,249,257,946,521
250.jpg,1280,960,shelf,272,7,942,264
287.jpg,1280,960,shelf,214,267,880,502
287.jpg,1280,960,shelf,230,492,868,776
286.jpg,1280,960,shelf,267,282,894,522
286.jpg,1280,960,shelf,262,538,920,760
286.jpg,1280,960,shelf,291,28,892,275
286.jpg,1280,960,shelf,310,789,860,949
251.jpg,1280,960,shelf,309,0,1004,197
251.jpg,1280,960,shelf,297,522,1032,899
251.jpg,1280,960,shelf,299,210,1022,544
245.jpg,1280,960,shelf,247,276,860,505
245.jpg,1280,960,shelf,251,509,843,794
245.jpg,1280,960,shelf,261,43,853,278
279.jpg,1280,960,shelf,280,294,932,528
279.jpg,1280,960,shelf,260,533,951,798
279.jpg,1280,960,shelf,323,25,907,281
279.jpg,1280,960,shelf,314,819,931,960
26.jpg,1280,960,shelf,168,578,793,807
26.jpg,1280,960,shelf,182,375,816,564
26.jpg,1280,960,shelf,235,779,808,960
32.jpg,1280,960,shelf,233,626,1058,960
32.jpg,1280,960,shelf,182,327,1088,633
127.jpg,1280,960,shelf,271,571,966,889
127.jpg,1280,960,shelf,256,307,981,569
133.jpg,1280,960,shelf,264,524,988,825
133.jpg,1280,960,shelf,280,286,1007,527
133.jpg,1280,960,shelf,309,1,996,263
133.jpg,1280,960,shelf,343,810,972,960
119.jpg,1280,960,shelf,230,551,872,765
119.jpg,1280,960,shelf,266,324,868,560
119.jpg,1280,960,shelf,285,791,848,960
125.jpg,1280,960,shelf,270,572,904,812
125.jpg,1280,960,shelf,269,51,910,260
125.jpg,1280,960,shelf,265,303,910,556
125.jpg,1280,960,shelf,365,804,911,960
131.jpg,1280,960,shelf,153,504,895,793
131.jpg,1280,960,shelf,159,244,900,504
131.jpg,1280,960,shelf,160,0,911,218
24.jpg,1280,960,shelf,410,654,880,897
24.jpg,1280,960,shelf,411,412,870,644
24.jpg,1280,960,shelf,405,192,873,397
24.jpg,1280,960,shelf,410,2,863,179
30.jpg,1280,960,shelf,137,305,797,539
30.jpg,1280,960,shelf,142,36,813,305
30.jpg,1280,960,shelf,137,544,813,777
18.jpg,1280,960,shelf,286,22,1028,363
18.jpg,1280,960,shelf,328,339,1013,719
253.jpg,1280,960,shelf,183,524,788,762
253.jpg,1280,960,shelf,205,332,752,539
253.jpg,1280,960,shelf,199,730,776,960
247.jpg,1280,960,shelf,304,11,958,221
247.jpg,1280,960,shelf,278,222,983,536
247.jpg,1280,960,shelf,283,513,994,849
284.jpg,1280,960,shelf,264,524,988,825
284.jpg,1280,960,shelf,280,286,1007,527
284.jpg,1280,960,shelf,309,1,996,263
284.jpg,1280,960,shelf,316,802,982,960
285.jpg,1280,960,shelf,280,292,799,528
285.jpg,1280,960,shelf,281,739,836,945
285.jpg,1280,960,shelf,295,534,821,755
285.jpg,1280,960,shelf,335,57,808,322
246.jpg,1280,960,shelf,300,33,876,258
246.jpg,1280,960,shelf,272,274,874,515
246.jpg,1280,960,shelf,298,511,883,814
246.jpg,1280,960,shelf,352,789,883,960
252.jpg,1280,960,shelf,289,25,911,244
252.jpg,1280,960,shelf,281,243,920,534
252.jpg,1280,960,shelf,276,510,936,843
252.jpg,1280,960,shelf,362,817,937,960
19.jpg,1280,960,shelf,307,386,814,672
19.jpg,1280,960,shelf,301,155,809,367
19.jpg,1280,960,shelf,306,1,812,148
31.jpg,1280,960,shelf,200,590,836,825
31.jpg,1280,960,shelf,213,380,853,575
31.jpg,1280,960,shelf,217,808,876,960
25.jpg,1280,960,shelf,214,583,904,897
25.jpg,1280,960,shelf,183,377,932,585
130.jpg,1280,960,shelf,200,248,956,513
130.jpg,1280,960,shelf,220,490,985,809
124.jpg,1280,960,shelf,250,555,879,782
124.jpg,1280,960,shelf,260,320,877,565
124.jpg,1280,960,shelf,279,773,882,960
118.jpg,1280,960,shelf,271,591,1020,888
118.jpg,1280,960,shelf,292,298,1023,589
143.jpg,1280,960,shelf,259,188,863,426
143.jpg,1280,960,shelf,260,1,867,204
143.jpg,1280,960,shelf,245,414,872,673
157.jpg,1280,960,shelf,250,414,844,659
157.jpg,1280,960,shelf,246,187,840,424
157.jpg,1280,960,shelf,273,11,837,222
81.jpg,1280,960,shelf,235,519,1042,895
81.jpg,1280,960,shelf,204,215,1020,511
81.jpg,1280,960,shelf,177,0,1050,138
95.jpg,1280,960,shelf,282,556,885,788
95.jpg,1280,960,shelf,284,347,842,548
95.jpg,1280,960,shelf,278,805,867,960
180.jpg,1280,960,shelf,208,185,933,439
180.jpg,1280,960,shelf,190,423,925,750
180.jpg,1280,960,shelf,178,0,945,179
194.jpg,1280,960,shelf,187,204,787,438
194.jpg,1280,960,shelf,189,435,799,674
194.jpg,1280,960,shelf,190,0,786,252
42.jpg,1280,960,shelf,121,268,935,568
42.jpg,1280,960,shelf,149,529,969,881
42.jpg,1280,960,shelf,122,0,940,259
56.jpg,1280,960,shelf,228,587,962,926
56.jpg,1280,960,shelf,207,361,967,591
4.jpg,1280,960,shelf,388,93,1002,387
4.jpg,1280,960,shelf,392,396,1024,651
4.jpg,1280,960,shelf,387,667,1009,953
4.jpg,1280,960,shelf,337,0,969,128
235.jpg,1280,960,shelf,273,255,907,524
235.jpg,1280,960,shelf,294,25,929,238
235.jpg,1280,960,shelf,299,520,925,833
221.jpg,1280,960,shelf,243,263,864,463
221.jpg,1280,960,shelf,251,472,880,709
221.jpg,1280,960,shelf,260,42,864,270
209.jpg,1280,960,shelf,185,282,702,467
209.jpg,1280,960,shelf,178,474,770,664
209.jpg,1280,960,shelf,172,64,691,291
208.jpg,1280,960,shelf,180,285,615,456
208.jpg,1280,960,shelf,202,474,619,666
220.jpg,1280,960,shelf,194,471,769,680
220.jpg,1280,960,shelf,172,271,749,477
220.jpg,1280,960,shelf,168,69,759,296
234.jpg,1280,960,shelf,272,257,874,526
234.jpg,1280,960,shelf,303,517,883,803
234.jpg,1280,960,shelf,287,39,877,254
234.jpg,1280,960,shelf,355,766,855,959
57.jpg,1280,960,shelf,168,533,961,863
57.jpg,1280,960,shelf,129,272,951,569
57.jpg,1280,960,shelf,162,10,737,266
5.jpg,1280,960,shelf,337,144,843,375
5.jpg,1280,960,shelf,331,387,869,677
5.jpg,1280,960,shelf,280,0,843,119
43.jpg,1280,960,shelf,135,293,832,539
43.jpg,1280,960,shelf,134,534,848,788
43.jpg,1280,960,shelf,132,36,831,290
195.jpg,1280,960,shelf,193,489,913,719
195.jpg,1280,960,shelf,217,14,867,254
195.jpg,1280,960,shelf,205,258,903,469
181.jpg,1280,960,shelf,230,19,879,244
181.jpg,1280,960,shelf,217,258,876,477
181.jpg,1280,960,shelf,217,489,903,712
181.jpg,1280,960,shelf,230,722,876,939
94.jpg,1280,960,shelf,341,559,1102,875
94.jpg,1280,960,shelf,330,261,1118,552
94.jpg,1280,960,shelf,306,0,1057,216
80.jpg,1280,960,shelf,330,564,1127,899
80.jpg,1280,960,shelf,298,202,1144,539
80.jpg,1280,960,shelf,320,1,1115,195
156.jpg,1280,960,shelf,230,220,924,489
156.jpg,1280,960,shelf,279,508,946,719
156.jpg,1280,960,shelf,229,731,959,940
142.jpg,1280,960,shelf,202,491,859,702
142.jpg,1280,960,shelf,175,17,833,252
142.jpg,1280,960,shelf,238,711,834,921
142.jpg,1280,960,shelf,168,244,843,484
140.jpg,1280,960,shelf,197,415,747,639
140.jpg,1280,960,shelf,209,208,742,423
140.jpg,1280,960,shelf,214,15,747,236
168.jpg,1280,960,shelf,198,480,871,714
168.jpg,1280,960,shelf,222,14,837,257
168.jpg,1280,960,shelf,212,257,858,486
168.jpg,1280,960,shelf,214,702,882,915
96.jpg,1280,960,shelf,331,545,950,796
96.jpg,1280,960,shelf,353,309,910,541
96.jpg,1280,960,shelf,339,98,822,278
96.jpg,1280,960,shelf,377,795,929,960
82.jpg,1280,960,shelf,253,562,1051,899
82.jpg,1280,960,shelf,278,336,1057,564
197.jpg,1280,960,shelf,190,197,826,447
197.jpg,1280,960,shelf,189,434,816,691
197.jpg,1280,960,shelf,198,6,834,232
69.jpg,1280,960,shelf,178,516,757,834
69.jpg,1280,960,shelf,157,262,802,530
69.jpg,1280,960,shelf,182,7,788,257
69.jpg,1280,960,shelf,237,799,778,960
183.jpg,1280,960,shelf,195,17,802,279
183.jpg,1280,960,shelf,187,256,803,474
183.jpg,1280,960,shelf,196,486,798,674
183.jpg,1280,960,shelf,206,676,810,875
7.jpg,1280,960,shelf,399,650,913,904
7.jpg,1280,960,shelf,411,409,916,643
7.jpg,1280,960,shelf,404,179,915,384
7.jpg,1280,960,shelf,415,5,898,167
55.jpg,1280,960,shelf,137,545,934,847
55.jpg,1280,960,shelf,137,266,927,578
55.jpg,1280,960,shelf,125,0,939,270
41.jpg,1280,960,shelf,124,312,800,532
41.jpg,1280,960,shelf,113,533,859,773
41.jpg,1280,960,shelf,122,38,867,282
222.jpg,1280,960,shelf,268,476,963,758
222.jpg,1280,960,shelf,244,244,936,463
222.jpg,1280,960,shelf,255,7,932,245
236.jpg,1280,960,shelf,294,274,826,520
236.jpg,1280,960,shelf,309,506,852,798
236.jpg,1280,960,shelf,303,58,842,269
236.jpg,1280,960,shelf,337,766,870,954
237.jpg,1280,960,shelf,278,508,960,882
237.jpg,1280,960,shelf,262,210,1001,531
237.jpg,1280,960,shelf,259,7,1036,219
223.jpg,1280,960,shelf,183,284,733,474
223.jpg,1280,960,shelf,173,481,741,676
223.jpg,1280,960,shelf,156,68,708,316
40.jpg,1280,960,shelf,185,580,862,829
40.jpg,1280,960,shelf,187,362,869,558
40.jpg,1280,960,shelf,213,806,880,960
6.jpg,1280,960,shelf,340,153,824,375
6.jpg,1280,960,shelf,332,399,849,671
6.jpg,1280,960,shelf,346,3,836,139
54.jpg,1280,960,shelf,260,601,960,920
54.jpg,1280,960,shelf,200,364,980,606
182.jpg,1280,960,shelf,202,437,905,713
182.jpg,1280,960,shelf,214,206,893,427
182.jpg,1280,960,shelf,227,5,880,188
196.jpg,1280,960,shelf,252,0,934,251
196.jpg,1280,960,shelf,234,251,942,486
196.jpg,1280,960,shelf,220,484,934,756
196.jpg,1280,960,shelf,197,731,986,957
68.jpg,1280,960,shelf,226,1,1030,159
68.jpg,1280,960,shelf,174,603,1016,943
68.jpg,1280,960,shelf,247,111,1059,542
83.jpg,1280,960,shelf,285,573,1127,960
83.jpg,1280,960,shelf,263,317,1109,555
169.jpg,1280,960,shelf,200,711,903,931
169.jpg,1280,960,shelf,210,483,873,714
169.jpg,1280,960,shelf,217,255,884,485
169.jpg,1280,960,shelf,215,12,861,245
97.jpg,1280,960,shelf,299,31,800,280
97.jpg,1280,960,shelf,275,492,880,741
97.jpg,1280,960,shelf,307,252,832,476
141.jpg,1280,960,shelf,239,485,902,744
141.jpg,1280,960,shelf,190,244,879,496
141.jpg,1280,960,shelf,238,719,915,956
141.jpg,1280,960,shelf,194,19,877,230
155.jpg,1280,960,shelf,199,477,827,694
155.jpg,1280,960,shelf,177,250,841,486
155.jpg,1280,960,shelf,183,7,861,246
155.jpg,1280,960,shelf,193,693,818,890
93.jpg,1280,960,shelf,228,541,974,885
93.jpg,1280,960,shelf,172,236,1006,506
93.jpg,1280,960,shelf,204,0,1000,164
179.jpg,1280,960,shelf,210,247,716,480
179.jpg,1280,960,shelf,191,480,723,647
179.jpg,1280,960,shelf,227,16,712,260
179.jpg,1280,960,shelf,221,630,733,860
87.jpg,1280,960,shelf,343,320,840,535
87.jpg,1280,960,shelf,351,525,844,750
87.jpg,1280,960,shelf,310,746,863,953
87.jpg,1280,960,shelf,342,115,850,300
151.jpg,1280,960,shelf,194,10,820,253
151.jpg,1280,960,shelf,172,496,836,695
151.jpg,1280,960,shelf,166,255,812,476
151.jpg,1280,960,shelf,191,708,832,891
145.jpg,1280,960,shelf,251,189,869,424
145.jpg,1280,960,shelf,201,420,889,677
145.jpg,1280,960,shelf,288,0,883,198
50.jpg,1280,960,shelf,186,597,927,861
50.jpg,1280,960,shelf,197,365,918,588
2.jpg,1280,960,shelf,331,126,891,368
2.jpg,1280,960,shelf,339,388,898,682
2.jpg,1280,960,shelf,346,1,876,121
44.jpg,1280,960,shelf,151,54,776,304
44.jpg,1280,960,shelf,127,304,739,523
44.jpg,1280,960,shelf,130,527,791,755
192.jpg,1280,960,shelf,210,19,809,271
192.jpg,1280,960,shelf,183,253,810,476
192.jpg,1280,960,shelf,196,479,824,680
192.jpg,1280,960,shelf,199,697,842,888
186.jpg,1280,960,shelf,216,5,807,278
186.jpg,1280,960,shelf,195,258,815,478
186.jpg,1280,960,shelf,196,487,826,686
186.jpg,1280,960,shelf,178,696,822,884
78.jpg,1280,960,shelf,319,552,967,801
78.jpg,1280,960,shelf,335,285,940,529
78.jpg,1280,960,shelf,348,62,913,271
78.jpg,1280,960,shelf,369,803,953,960
227.jpg,1280,960,shelf,176,552,766,753
227.jpg,1280,960,shelf,192,746,804,944
227.jpg,1280,960,shelf,188,330,739,526
233.jpg,1280,960,shelf,267,260,836,520
233.jpg,1280,960,shelf,287,39,868,272
233.jpg,1280,960,shelf,401,754,793,960
233.jpg,1280,960,shelf,313,531,836,797
232.jpg,1280,960,shelf,264,265,872,526
232.jpg,1280,960,shelf,315,51,856,255
232.jpg,1280,960,shelf,295,514,878,821
232.jpg,1280,960,shelf,375,789,906,960
226.jpg,1280,960,shelf,286,279,843,534
226.jpg,1280,960,shelf,309,513,860,804
226.jpg,1280,960,shelf,304,49,853,267
226.jpg,1280,960,shelf,326,771,867,957
187.jpg,1280,960,shelf,205,194,901,431
187.jpg,1280,960,shelf,189,432,896,721
187.jpg,1280,960,shelf,205,6,909,192
79.jpg,1280,960,shelf,277,341,1058,556
79.jpg,1280,960,shelf,273,574,1073,928
193.jpg,1280,960,shelf,175,477,796,666
193.jpg,1280,960,shelf,181,243,766,464
193.jpg,1280,960,shelf,205,13,749,283
193.jpg,1280,960,shelf,198,682,815,872
45.jpg,1280,960,shelf,197,356,786,569
45.jpg,1280,960,shelf,160,576,766,808
45.jpg,1280,960,shelf,169,765,813,960
51.jpg,1280,960,shelf,153,23,859,283
51.jpg,1280,960,shelf,135,294,852,547
51.jpg,1280,960,shelf,137,537,891,805
144.jpg,1280,960,shelf,199,708,825,907
144.jpg,1280,960,shelf,197,14,813,258
144.jpg,1280,960,shelf,168,248,818,484
144.jpg,1280,960,shelf,192,493,835,685
150.jpg,1280,960,shelf,258,484,907,734
150.jpg,1280,960,shelf,228,203,936,505
150.jpg,1280,960,shelf,226,738,891,929
150.jpg,1280,960,shelf,217,2,1011,193
178.jpg,1280,960,shelf,188,205,802,448
178.jpg,1280,960,shelf,192,1,791,250
178.jpg,1280,960,shelf,167,430,808,682
86.jpg,1280,960,shelf,266,567,1084,902
86.jpg,1280,960,shelf,245,331,1064,566
84.jpg,1280,960,shelf,272,559,937,834
84.jpg,1280,960,shelf,288,346,900,545
84.jpg,1280,960,shelf,278,821,947,960
90.jpg,1280,960,shelf,299,550,828,773
90.jpg,1280,960,shelf,321,784,819,960
90.jpg,1280,960,shelf,264,374,819,532
146.jpg,1280,960,shelf,167,482,753,663
146.jpg,1280,960,shelf,152,670,765,848
146.jpg,1280,960,shelf,163,249,756,479
146.jpg,1280,960,shelf,170,26,735,286
152.jpg,1280,960,shelf,219,418,799,648
152.jpg,1280,960,shelf,220,197,796,419
152.jpg,1280,960,shelf,236,7,823,217
47.jpg,1280,960,shelf,138,1,978,237
47.jpg,1280,960,shelf,160,246,1020,575
47.jpg,1280,960,shelf,189,537,1024,956
53.jpg,1280,960,shelf,234,588,975,905
53.jpg,1280,960,shelf,214,355,986,607
185.jpg,1280,960,shelf,201,253,740,467
185.jpg,1280,960,shelf,174,477,756,637
185.jpg,1280,960,shelf,202,18,720,291
185.jpg,1280,960,shelf,201,662,767,859
191.jpg,1280,960,shelf,192,256,791,463
191.jpg,1280,960,shelf,212,24,787,281
191.jpg,1280,960,shelf,202,475,824,679
191.jpg,1280,960,shelf,189,696,831,880
218.jpg,1280,960,shelf,197,476,794,674
218.jpg,1280,960,shelf,198,283,769,465
218.jpg,1280,960,shelf,175,70,780,297
230.jpg,1280,960,shelf,292,279,853,523
230.jpg,1280,960,shelf,327,49,844,270
230.jpg,1280,960,shelf,296,507,866,803
230.jpg,1280,960,shelf,345,773,875,960
224.jpg,1280,960,shelf,185,559,789,753
224.jpg,1280,960,shelf,218,329,771,533
224.jpg,1280,960,shelf,214,742,801,959
225.jpg,1280,960,shelf,246,270,808,497
225.jpg,1280,960,shelf,261,505,817,768
225.jpg,1280,960,shelf,250,58,779,310
231.jpg,1280,960,shelf,189,543,782,764
231.jpg,1280,960,shelf,193,725,776,960
231.jpg,1280,960,shelf,196,333,769,535
219.jpg,1280,960,shelf,217,473,804,678
219.jpg,1280,960,shelf,198,275,784,477
219.jpg,1280,960,shelf,195,52,785,299
190.jpg,1280,960,shelf,203,6,809,245
190.jpg,1280,960,shelf,190,442,819,693
190.jpg,1280,960,shelf,197,194,812,441
184.jpg,1280,960,shelf,221,6,883,247
184.jpg,1280,960,shelf,233,257,885,481
184.jpg,1280,960,shelf,228,486,890,726
184.jpg,1280,960,shelf,228,734,883,943
0.jpg,1280,960,shelf,202,265,807,487
0.jpg,1280,960,shelf,211,492,786,733
0.jpg,1280,960,shelf,198,9,817,258
52.jpg,1280,960,shelf,115,282,908,574
52.jpg,1280,960,shelf,128,536,937,853
52.jpg,1280,960,shelf,154,6,911,261
46.jpg,1280,960,shelf,235,608,966,900
46.jpg,1280,960,shelf,221,352,956,580
153.jpg,1280,960,shelf,251,490,898,738
153.jpg,1280,960,shelf,219,224,948,498
153.jpg,1280,960,shelf,246,730,879,957
153.jpg,1280,960,shelf,207,0,919,207
147.jpg,1280,960,shelf,260,417,876,683
147.jpg,1280,960,shelf,260,182,868,426
147.jpg,1280,960,shelf,288,2,860,211
91.jpg,1280,960,shelf,265,572,927,823
91.jpg,1280,960,shelf,278,341,893,546
91.jpg,1280,960,shelf,296,819,911,960
85.jpg,1280,960,shelf,211,267,834,508
85.jpg,1280,960,shelf,177,505,872,780
85.jpg,1280,960,shelf,193,8,813,221
85.jpg,1280,960,shelf,1031,261,1246,622
