"image","xmin","ymin","xmax","ymax","label"
"shelf_0_wba00211-c005_image_236.jpg",776.212789415656,344.21139705882354,856.8522601984564,539.5036764705883,"bottle"
"shelf_0_wba00211-c005_image_236.jpg",693.2138919514883,345.5349264705883,774.4046306504961,535.8805147058824,"bottle"
"shelf_0_wba00211-c005_image_236.jpg",626.6262403528115,352.41727941176475,695.7221609702315,542.795955882353,"bottle"
"shelf_0_wba00211-c005_image_236.jpg",562.8996692392502,379.483455882353,629.4156560088202,545.2555147058824,"bottle"
"shelf_0_wba00211-c005_image_236.jpg",495.7221609702315,381.1819852941177,559.851157662624,549.375,"bottle"
"shelf_0_wba00211-c005_image_236.jpg",435.3197353914002,377.4430147058824,498.45644983461955,550.21875,"bottle"
"shelf_0_wba00211-c005_image_236.jpg",371.7309812568908,375.78308823529414,433.1422271223814,557.1672794117648,"bottle"
"shelf_0_wba00211-c005_image_236.jpg",309.3109151047409,383.08455882352945,370.06615214994486,556.5165441176471,"bottle"
"shelf_0_wba00211-c005_image_238.jpg",623.2965821389195,419.3823529411765,684.6085997794928,541.1029411764706,"bottle"
"shelf_0_wba00211-c005_image_238.jpg",558.1587651598677,419.17830882352945,618.566703417861,541.7371323529412,"bottle"
"shelf_0_wba00211-c005_image_238.jpg",491.5270121278941,402.22058823529414,557.4862183020948,539.5588235294118,"bottle"
"shelf_0_wba00211-c005_image_238.jpg",426.0418963616317,395.5257352941177,494.09592061742,551.9172794117648,"bottle"
"shelf_0_wba00211-c005_image_238.jpg",371.36714443219404,395.4540441176471,430.45755237045205,545.7408088235295,"bottle"
"shelf_0_wba00211-c005_image_237.jpg",828.4178610804851,317.7794117647059,927.4641675854465,541.8033088235295,"bottle"
"shelf_0_wba00211-c005_image_237.jpg",739.8732083792722,318.67830882352945,824.8897464167585,554.3492647058824,"bottle"
"shelf_0_wba00211-c005_image_237.jpg",656.8577728776185,324.8382352941177,738.64388092613,552.154411764706,"bottle"
"shelf_0_wba00211-c005_image_237.jpg",559.09592061742,324.38602941176475,653.4454244762954,563.498161764706,"bottle"
"shelf_0_wba00211-c005_image_237.jpg",477.4035281146637,408.6011029411765,556.5821389195148,562.875,"bottle"
"shelf_0_wba00211-c005_image_237.jpg",404.54796030871,340.8198529411765,482.61300992282247,574.8639705882354,"bottle"
"shelf_0_wba00211-c005_image_237.jpg",333.3572216097023,344.5367647058824,413.0595369349504,575.3216911764706,"bottle"
"shelf_0_wba00211-c005_image_240.jpg",789.2833517089305,353.7132352941177,877.3153252480705,547.1691176470589,"bottle"
"shelf_0_wba00211-c005_image_240.jpg",710.4520396912899,345.66727941176475,788.7541345093715,556.6764705882354,"bottle"
"shelf_0_wba00211-c005_image_240.jpg",635.7386990077177,349.4090073529412,714.0407938257994,560.4181985294118,"bottle"
"shelf_0_wba00211-c005_image_240.jpg",552.353914002205,352.9825367647059,630.6560088202866,563.9917279411766,"bottle"
"shelf_0_wba00211-c005_image_240.jpg",482.71223814773975,352.6295955882353,561.0143329658214,563.6387867647059,"bottle"
"shelf_0_wba00211-c005_image_240.jpg",396.43880926130095,351.66452205882354,474.7409040793825,562.6737132352941,"bottle"
"shelf_0_wba00211-c005_image_240.jpg",317.276736493936,346.5634191176471,395.5788313120176,557.5726102941177,"bottle"
"shelf_0_wba00211-c005_image_241.jpg",769.9558985667034,402.6011029411765,840.0496141124586,546.1764705882354,"bottle"
"shelf_0_wba00211-c005_image_241.jpg",700.2615122711752,404.9138580266909,770.3552278169304,548.4892256737496,"bottle"
"shelf_0_wba00211-c005_image_241.jpg",638.5903083700441,407.5239901852812,695.6250516054769,551.09935783234,"bottle"
"shelf_0_wba00211-c005_image_241.jpg",558.0148162359329,408.70791089012704,628.1085317816883,552.2832785371859,"bottle"
"shelf_0_wba00211-c005_image_241.jpg",500.64977973568284,402.3568281938326,552.6486784140969,547.8579295154185,"bottle"
"shelf_0_wba00211-c005_image_241.jpg",428.6068281938326,401.30506607929516,490.8590308370044,546.3656387665199,"bottle"
"shelf_0_wba00211-c005_image_241.jpg",377.0484581497798,395.6442731277533,429.966960352423,551.3766519823789,"bottle"
"shelf_0_wba00211-c005_image_241.jpg",315.1321585903084,397.3458149779736,370.9085903083701,547.9295154185022,"bottle"
"shelf_0_wba00211-c005_image_242.jpg",761.3931718061674,354.8127753303965,828.0892070484581,547.4118942731278,"bottle"
"shelf_0_wba00211-c005_image_242.jpg",687.6707048458151,351.97136563876654,754.3667400881059,544.5704845814978,"bottle"
"shelf_0_wba00211-c005_image_242.jpg",615.1651982378855,351.3711453744494,681.8612334801762,543.9702643171806,"bottle"
"shelf_0_wba00211-c005_image_242.jpg",559.113436123348,380.11563876651985,613.9592511013216,546.4151982378855,"bottle"
"shelf_0_wba00211-c005_image_242.jpg",491.943832599119,386.5748898678414,553.887665198238,546.1949339207049,"bottle"
"shelf_0_wba00211-c005_image_242.jpg",436.3105726872247,386.21145374449344,490.704845814978,542.6707048458151,"bottle"
"shelf_0_wba00211-c005_image_242.jpg",373.9922907488987,372.6762114537445,436.60242290748903,548.7775330396476,"bottle"
"shelf_0_wba00211-c005_image_242.jpg",308.14977973568284,391.8337004405287,369.7081497797357,551.4482378854626,"bottle"
"shelf_0_wba00211-c005_image_243.jpg",804.3887665198238,334.18502202643174,881.954845814978,548.1552863436124,"bottle"
"shelf_0_wba00211-c005_image_243.jpg",726.1288546255507,334.86233480176213,803.0066079295154,545.9526431718061,"bottle"
"shelf_0_wba00211-c005_image_243.jpg",648.3204845814978,341.7180616740088,725.3248898678414,553.2544052863436,"bottle"
"shelf_0_wba00211-c005_image_243.jpg",567.9405286343613,340.93612334801765,646.4757709251102,554.1960352422908,"bottle"
"shelf_0_wba00211-c005_image_243.jpg",507.8469162995595,366.73458149779736,569.8843612334801,550.9856828193833,"bottle"
"shelf_0_wba00211-c005_image_243.jpg",400.44052863436127,335.73237885462555,495.5506607929516,556.1674008810573,"bottle"
"shelf_0_wba00211-c005_image_243.jpg",342.4063876651983,342.30176211453744,402.17511013215864,552.9074889867842,"bottle"
"shelf_0_wba00211-c005_image_247.jpg",700.0107574462891,414.7176933288574,754.3286895751953,551.7051887512207,"bottle"
"shelf_0_wba00211-c005_image_247.jpg",759.2003631591797,409.61769104003906,818.0059051513672,548.9285087585449,"bottle"
"shelf_0_wba00211-c005_image_247.jpg",489.6977996826172,407.7986812591553,553.4927368164062,549.7073364257812,"bottle"
"shelf_0_wba00211-c005_image_247.jpg",632.3568281938326,415.5011013215859,687.0704845814978,549.0198237885463,"bottle"
"shelf_0_wba00211-c005_image_247.jpg",565.864537444934,416.81718061674013,622.3348017621146,549.2015418502203,"bottle"
"shelf_0_wba00211-c005_image_247.jpg",430.2808370044053,406.49779735682824,491.32709251101323,546.1674008810573,"bottle"
"shelf_0_wba00211-c005_image_247.jpg",375.4625550660793,409.0308370044053,430.43502202643174,549.5429515418502,"bottle"
"shelf_0_wba00211-c005_image_247.jpg",319.988986784141,403.5627753303965,375.2312775330397,553.3590308370044,"bottle"
"shelf_0_wba00211-c005_image_249.jpg",783.8436123348018,355.2477973568282,846.5969162995596,528.3314977973569,"bottle"
"shelf_0_wba00211-c005_image_249.jpg",774.6916299559472,524.6090308370044,846.5969162995596,528.3314977973569,"bottle"
"shelf_0_wba00211-c005_image_249.jpg",705.2202643171806,351.3546255506608,780.9030837004406,529.262114537445,"bottle"
"shelf_0_wba00211-c005_image_249.jpg",639.7577092511013,360.29185022026434,711.1508810572687,533.6288546255507,"bottle"
"shelf_0_wba00211-c005_image_249.jpg",580.3909691629956,359.10242290748903,646.5088105726873,531.943832599119,"bottle"
"shelf_0_wba00211-c005_image_249.jpg",539.5429515418502,404.29515418502206,582.5330396475771,529.829295154185,"bottle"
"shelf_0_wba00211-c005_image_249.jpg",463.10572687224675,366.33259911894277,526.0848017621146,535.3138766519824,"bottle"
"shelf_0_wba00211-c005_image_249.jpg",401.057268722467,354.65308370044056,460.3248898678414,532.6046255506608,"bottle"
"shelf_0_wba00211-c005_image_249.jpg",338.1718061674009,366.66299559471366,396.42621145374454,538.0947136563877,"bottle"
"shelf_0_wba00211-c005_image_248.jpg",800.0165198237886,343.48568281938327,873.2709251101322,555.9966960352423,"bottle"
"shelf_0_wba00211-c005_image_248.jpg",724.240088105727,342.36784140969166,797.2136563876653,560.4350220264317,"bottle"
"shelf_0_wba00211-c005_image_248.jpg",641.6354625550662,348.49669603524234,716.5033039647578,553.8491189427314,"bottle"
"shelf_0_wba00211-c005_image_248.jpg",559.7356828193833,346.7015418502203,640.8425110132159,551.3766519823789,"bottle"
"shelf_0_wba00211-c005_image_248.jpg",485.8590308370044,338.8491189427313,563.6618942731277,552.8964757709251,"bottle"
"shelf_0_wba00211-c005_image_248.jpg",418.738986784141,346.96035242290753,489.3226872246696,554.5429515418502,"bottle"
"shelf_0_wba00211-c005_image_248.jpg",347.80286343612335,347.7092511013216,415.13766519823787,556.227973568282,"bottle"
"shelf_0_wba00211-c005_image_250.jpg",759.9284140969163,414.8513215859031,819.3392070484581,544.4878854625551,"bottle"
"shelf_0_wba00211-c005_image_250.jpg",698.5407488986784,419.465859030837,756.1563876651983,546.3381057268723,"bottle"
"shelf_0_wba00211-c005_image_250.jpg",629.4328193832599,416.59140969162996,686.2775330396476,542.8028634361234,"bottle"
"shelf_0_wba00211-c005_image_250.jpg",564.6640969162996,421.2885462555066,619.5539647577093,542.1420704845815,"bottle"
"shelf_0_wba00211-c005_image_250.jpg",497.0649779735683,409.7632158590309,557.4118942731278,545.0495594713657,"bottle"
"shelf_0_wba00211-c005_image_250.jpg",430.2367841409692,404.6420704845815,494.5264317180617,544.2786343612335,"bottle"
"shelf_0_wba00211-c005_image_250.jpg",371.9052863436124,406.06828193832604,431.762114537445,548.1442731277534,"bottle"
"shelf_0_wba00211-c005_image_250.jpg",314.3832599118943,399.2896475770925,370.693832599119,543.9922907488988,"bottle"
"shelf_0_wba00211-c005_image_251.jpg",784.4383259911895,340.897577092511,849.1795154185022,550.7544052863436,"bottle"
"shelf_0_wba00211-c005_image_251.jpg",703.6068281938326,381.9988986784141,763.1828193832599,544.8403083700441,"bottle"
"shelf_0_wba00211-c005_image_251.jpg",635.715859030837,352.75881057268725,703.9372246696036,545.9581497797358,"bottle"
"shelf_0_wba00211-c005_image_251.jpg",550.9140969162996,350.36894273127757,631.7235682819384,549.102422907489,"bottle"
"shelf_0_wba00211-c005_image_251.jpg",484.3337004405287,351.5969162995595,559.614537444934,555.7378854625551,"bottle"
"shelf_0_wba00211-c005_image_251.jpg",403.80506607929516,340.8259911894273,488.3535242290749,551.02422907489,"bottle"
"shelf_0_wba00211-c005_image_251.jpg",326.8942731277533,345.6828193832599,410.5726872246696,547.4008810572687,"bottle"
"shelf_0_wba00211-c005_image_253.jpg",722.6982378854626,354.65308370044056,830.7709251101322,545.4185022026433,"bottle"
"shelf_0_wba00211-c005_image_253.jpg",636.2885462555066,358.0947136563877,729.7356828193833,547.4008810572687,"bottle"
"shelf_0_wba00211-c005_image_253.jpg",545.3138766519824,375.97466960352426,634.0638766519824,546.3656387665199,"bottle"
"shelf_0_wba00211-c005_image_253.jpg",472.0649779735683,392.29074889867843,542.6486784140969,551.9383259911895,"bottle"
"shelf_0_wba00211-c005_image_253.jpg",400.9526431718062,396.0352422907489,471.82819383259914,557.9405286343613,"bottle"
"shelf_0_wba00211-c005_image_253.jpg",328.012114537445,392.8138766519824,401.5253303964758,560.3083700440529,"bottle"
"shelf_0_wba00211-c005_image_253.jpg",274.9504405286344,412.6431718061674,335.2863436123348,566.7125550660793,"bottle"
"shelf_0_wba00211-c005_image_253.jpg",224.90638766519825,400.5011013215859,281.2885462555066,574.5319383259912,"bottle"
"shelf_0_wba00211-c005_image_255.jpg",361.73458149779736,395.6718061674009,426.773127753304,577.318281938326,"bottle"
"shelf_0_wba00211-c005_image_255.jpg",437.09251101321587,384.01982378854626,492.6211453744494,572.0759911894273,"bottle"
"shelf_0_wba00211-c005_image_255.jpg",497.7092511013216,366.5308370044053,562.8138766519825,568.9647577092512,"bottle"
"shelf_0_wba00211-c005_image_255.jpg",558.2433920704846,343.215859030837,641.4867841409691,557.4669603524229,"bottle"
"shelf_0_wba00211-c005_image_255.jpg",644.5594713656388,329.12444933920705,735.6332599118944,553.6288546255507,"bottle"
"shelf_0_wba00211-c005_image_255.jpg",743.1993392070485,324.65859030837004,826.6244493392071,553.8325991189428,"bottle"
"shelf_0_wba00211-c005_image_255.jpg",821.6740088105728,327.7753303964758,948.1167400881059,531.1068281938326,"bottle"
"shelf_0_wba00211-c006_image_104.jpg",840.2422907488988,394.6200440528635,887.2301762114538,544.6916299559472,"bottle"
"shelf_0_wba00211-c006_image_104.jpg",796.8061674008811,399.55396475770925,839.3171806167402,545.0825991189428,"bottle"
"shelf_0_wba00211-c006_image_104.jpg",742.9074889867842,415.66079295154185,793.0506607929516,540.8535242290749,"bottle"
"shelf_0_wba00211-c006_image_104.jpg",682.9625550660793,419.647577092511,731.2830396475771,535.8259911894273,"bottle"
"shelf_0_wba00211-c006_image_104.jpg",629.4328193832599,411.7400881057269,678.0176211453745,532.2522026431718,"bottle"
"shelf_0_wba00211-c006_image_104.jpg",575.0550660792952,412.477973568282,625.8700440528635,532.147577092511,"bottle"
"shelf_0_wba00211-c006_image_104.jpg",518.0671806167401,399.7026431718062,568.045154185022,532.6486784140969,"bottle"
"shelf_0_wba00211-c006_image_104.jpg",456.0958149779736,345.8259911894273,514.5759911894273,524.625550660793,"bottle"
"shelf_0_wba00211-c006_image_104.jpg",405.63876651982383,364.88986784140974,454.95044052863443,518.9922907488988,"bottle"
"shelf_0_wba00211-c006_image_105.jpg",781.3436123348018,390.34140969162996,837.4449339207049,534.818281938326,"bottle"
"shelf_0_wba00211-c006_image_105.jpg",727.1640969162996,392.0649779735683,780.1211453744494,532.7367841409692,"bottle"
"shelf_0_wba00211-c006_image_105.jpg",671.4207048458151,380.9306167400881,722.0044052863437,534.3667400881058,"bottle"
"shelf_0_wba00211-c006_image_105.jpg",606.5253303964759,371.83920704845815,662.2081497797358,527.6046255506608,"bottle"
"shelf_0_wba00211-c006_image_105.jpg",544.0638766519824,372.0044052863436,601.976872246696,522.114537444934,"bottle"
"shelf_0_wba00211-c006_image_105.jpg",476.78414096916305,362.94052863436127,537.4504405286344,522.7643171806168,"bottle"
"shelf_0_wba00211-c006_image_105.jpg",418.8876651982379,367.8359030837005,479.8733480176212,516.2775330396477,"bottle"
"shelf_0_wba00211-c006_image_107.jpg",763.3094713656388,417.76982378854626,810.6773127753305,552.0209251101321,"bottle"
"shelf_0_wba00211-c006_image_107.jpg",711.5859030837005,405.4680616740088,759.2290748898679,548.1993392070485,"bottle"
"shelf_0_wba00211-c006_image_107.jpg",662.2356828193833,395.15418502202647,713.1607929515419,540.6057268722468,"bottle"
"shelf_0_wba00211-c006_image_107.jpg",610.9856828193833,385.170704845815,660.3359030837005,530.0605726872247,"bottle"
"shelf_0_wba00211-c006_image_107.jpg",549.4823788546256,374.2070484581498,604.5704845814979,523.2709251101322,"bottle"
"shelf_0_wba00211-c006_image_107.jpg",494.5870044052864,369.3612334801762,548.4526431718062,515.352422907489,"bottle"
"shelf_0_wba00211-c006_image_107.jpg",440.3083700440529,367.80286343612335,492.4174008810573,505.0330396475771,"bottle"
"shelf_0_wba00211-c006_image_106.jpg",771.6629955947137,398.7444933920705,815.8920704845816,541.1563876651983,"bottle"
"shelf_0_wba00211-c006_image_106.jpg",720.8810572687225,391.35462555066084,766.3270925110133,547.2301762114538,"bottle"
"shelf_0_wba00211-c006_image_106.jpg",654.7907488986784,387.4229074889868,713.3094713656387,542.0814977973569,"bottle"
"shelf_0_wba00211-c006_image_106.jpg",598.9041850220265,376.44823788546256,652.5715859030837,540.8700440528635,"bottle"
"shelf_0_wba00211-c006_image_106.jpg",532.5385462555066,367.55506607929516,594.7081497797357,540.2477973568282,"bottle"
"shelf_0_wba00211-c006_image_106.jpg",464.08039647577095,366.94383259911893,528.7775330396476,540.0275330396476,"bottle"
"shelf_0_wba00211-c006_image_106.jpg",406.2775330396476,370.704845814978,466.26101321585907,535.8149779735684,"bottle"
"shelf_0_wba00211-c006_image_106.jpg",347.31828193832604,370.7268722466961,402.6101321585904,533.9151982378855,"bottle"
"shelf_0_wba00211-c006_image_109.jpg",801.4812775330397,417.5660792951542,856.9383259911895,554.1850220264317,"bottle"
"shelf_0_wba00211-c006_image_109.jpg",747.681718061674,414.32819383259914,797.4229074889868,550.2037444933922,"bottle"
"shelf_0_wba00211-c006_image_109.jpg",689.8953744493392,404.17400881057273,745.5726872246696,548.3480176211455,"bottle"
"shelf_0_wba00211-c006_image_109.jpg",628.023127753304,391.42621145374454,684.4713656387667,542.2797356828195,"bottle"
"shelf_0_wba00211-c006_image_109.jpg",564.1464757709251,391.965859030837,623.0286343612335,540.715859030837,"bottle"
"shelf_0_wba00211-c006_image_109.jpg",499.24559471365643,383.98127753303964,565.6387665198238,541.2004405286343,"bottle"
"shelf_0_wba00211-c006_image_109.jpg",437.86343612334804,378.90418502202647,502.9790748898679,538.6123348017621,"bottle"
"shelf_0_wba00211-c006_image_108.jpg",409.81828193832604,349.2125550660793,468.99779735682824,525.352422907489,"bottle"
"shelf_0_wba00211-c006_image_108.jpg",478.16079295154185,413.51872246696036,521.2334801762115,527.3678414096917,"bottle"
"shelf_0_wba00211-c006_image_108.jpg",520.3964757709251,424.9504405286344,578.9702643171806,532.3403083700441,"bottle"
"shelf_0_wba00211-c006_image_108.jpg",582.4449339207049,407.99559471365643,628.171806167401,534.0143171806168,"bottle"
"shelf_0_wba00211-c006_image_108.jpg",630.6718061674009,438.3370044052864,683.6508810572687,542.3182819383261,"bottle"
"shelf_0_wba00211-c006_image_112.jpg",831.1729074889869,391.6354625550661,887.4779735682821,541.0077092511013,"bottle"
"shelf_0_wba00211-c006_image_112.jpg",773.9262114537445,389.4768722466961,828.5022026431718,543.7610132158591,"bottle"
"shelf_0_wba00211-c006_image_112.jpg",715.7599118942732,405.03303964757714,772.7698237885463,543.6343612334803,"bottle"
"shelf_0_wba00211-c006_image_112.jpg",644.977973568282,419.88986784140974,703.171806167401,536.1123348017621,"bottle"
"shelf_0_wba00211-c006_image_112.jpg",586.079295154185,410.3083700440529,645.7213656387665,537.5385462555066,"bottle"
"shelf_0_wba00211-c006_image_112.jpg",531.0517621145375,404.273127753304,587.455947136564,540.7764317180618,"bottle"
"shelf_0_wba00211-c006_image_112.jpg",478.36453744493394,426.5143171806168,528.4251101321586,537.114537444934,"bottle"
"shelf_0_wba00211-c006_image_112.jpg",403.40308370044056,344.0693832599119,477.0870044052864,538.1993392070485,"bottle"
"shelf_0_wba00211-c006_image_112.jpg",335.86453744493394,396.6354625550661,405.62775330396477,540.3744493392071,"bottle"
"shelf_0_wba00211-c006_image_111.jpg",793.1277533039648,373.14977973568284,854.9724669603524,528.045154185022,"bottle"
"shelf_0_wba00211-c006_image_111.jpg",725.0495594713657,368.30396475770925,789.4383259911895,528.8986784140969,"bottle"
"shelf_0_wba00211-c006_image_111.jpg",666.602422907489,369.3447136563877,726.9162995594713,527.3898678414097,"bottle"
"shelf_0_wba00211-c006_image_111.jpg",595.6607929515419,370.2863436123348,659.443832599119,524.2731277533039,"bottle"
"shelf_0_wba00211-c006_image_111.jpg",534.1905286343613,365.6773127753304,591.5473568281939,523.8381057268723,"bottle"
"shelf_0_wba00211-c006_image_111.jpg",468.19933920704847,366.33810572687224,525.2753303964757,519.8458149779735,"bottle"
"shelf_0_wba00211-c006_image_111.jpg",408.034140969163,365.05506607929516,470.94713656387665,521.6795154185022,"bottle"
"shelf_0_wba00211-c006_image_111.jpg",341.2114537444934,394.38876651982383,402.86343612334804,521.3986784140969,"bottle"
"shelf_0_wba00211-c006_image_110.jpg",779.8678414096917,395.181718061674,832.7973568281939,545.8535242290749,"bottle"
"shelf_0_wba00211-c006_image_110.jpg",724.0308370044053,394.2511013215859,775.9911894273127,549.7411894273127,"bottle"
"shelf_0_wba00211-c006_image_110.jpg",667.1310572687225,420.1927312775331,725.2477973568283,547.1310572687225,"bottle"
"shelf_0_wba00211-c006_image_110.jpg",599.8458149779736,412.8854625550661,659.1299559471366,544.4603524229076,"bottle"
"shelf_0_wba00211-c006_image_110.jpg",548.2709251101322,419.2015418502203,594.09140969163,538.7995594713657,"bottle"
"shelf_0_wba00211-c006_image_110.jpg",479.988986784141,418.3149779735683,537.4559471365639,544.647577092511,"bottle"
"shelf_0_wba00211-c006_image_110.jpg",433.1552863436124,427.2411894273128,483.99779735682824,541.0517621145375,"bottle"
"shelf_0_wba00211-c006_image_110.jpg",364.262114537445,351.3105726872247,429.8458149779736,542.5495594713657,"bottle"
"shelf_0_wba00211-c006_image_110.jpg",290.8590308370044,356.5693832599119,354.7026431718062,538.2654185022027,"bottle"
"shelf_0_wba00211-c006_image_113.jpg",673.5848017621146,377.4174008810573,720.5781938325991,525.6112334801762,"bottle"
"shelf_0_wba00211-c006_image_113.jpg",602.5110132158591,367.0374449339207,665.7103524229075,527.3953744493392,"bottle"
"shelf_0_wba00211-c006_image_113.jpg",539.2125550660793,359.0638766519824,603.056167400881,520.0275330396476,"bottle"
"shelf_0_wba00211-c006_image_113.jpg",477.43942731277536,359.69713656387665,538.4030837004406,520.0881057268723,"bottle"
"shelf_0_wba00211-c006_image_113.jpg",415.7488986784141,358.1773127753304,479.465859030837,519.5319383259912,"bottle"
"shelf_0_wba00211-c006_image_113.jpg",344.8513215859031,385.3469162995595,409.61453744493394,514.7411894273127,"bottle"
"shelf_0_wba00211-c006_image_114.jpg",838.5903083700441,393.36453744493394,885.2753303964759,548.7995594713657,"bottle"
"shelf_0_wba00211-c006_image_114.jpg",783.4196035242292,389.43832599118946,828.8931718061675,544.5099118942732,"bottle"
"shelf_0_wba00211-c006_image_114.jpg",725.8590308370044,415.1101321585903,782.2411894273127,543.5077092511013,"bottle"
"shelf_0_wba00211-c006_image_114.jpg",668.171806167401,405.93612334801765,721.5748898678415,538.7224669603524,"bottle"
"shelf_0_wba00211-c006_image_114.jpg",609.9614537444934,398.8711453744494,662.7698237885462,534.251101321586,"bottle"
"shelf_0_wba00211-c006_image_114.jpg",555.8370044052864,405.3579295154185,611.057268722467,529.9063876651983,"bottle"
"shelf_0_wba00211-c006_image_114.jpg",511.0132158590309,399.7026431718062,558.0947136563877,530.9085903083701,"bottle"
"shelf_0_wba00211-c006_image_114.jpg",440.01651982378854,335.0660792951542,505.726872246696,526.1839207048458,"bottle"
"shelf_0_wba00211-c006_image_114.jpg",363.33149779735686,387.84140969162996,435.1211453744494,522.0209251101321,"bottle"
"shelf_0_wba00211-c006_image_116.jpg",480.87555066079295,411.61894273127757,531.2775330396476,532.8964757709251,"bottle"
"shelf_0_wba00211-c006_image_116.jpg",539.9229074889868,402.25770925110135,587.0429515418502,535.5176211453745,"bottle"
"shelf_0_wba00211-c006_image_116.jpg",595.9966960352423,398.1662995594714,634.9834801762114,537.4394273127754,"bottle"
"shelf_0_wba00211-c006_image_116.jpg",648.1277533039648,394.4878854625551,693.2599118942732,546.6685022026431,"bottle"
"shelf_0_wba00211-c006_image_116.jpg",416.1453744493392,339.3557268722467,475.4955947136564,532.9405286343613,"bottle"
"shelf_0_wba00211-c006_image_118.jpg",446.33810572687224,354.73568281938327,504.6310572687225,529.3006607929516,"bottle"
"shelf_0_wba00211-c006_image_118.jpg",512.681718061674,419.3116740088106,554.0253303964757,537.9955947136564,"bottle"
"shelf_0_wba00211-c006_image_118.jpg",566.2059471365639,418.2764317180617,606.090308370044,540.5506607929516,"bottle"
"shelf_0_wba00211-c006_image_118.jpg",613.8711453744494,422.5715859030837,655.8480176211455,549.0473568281939,"bottle"
"shelf_0_wba00211-c006_image_118.jpg",665.2698237885463,426.6354625550661,701.7290748898679,556.762114537445,"bottle"
"shelf_0_wba00211-c006_image_118.jpg",767.4063876651983,428.79405286343615,803.2103524229076,555.6607929515419,"bottle"
"shelf_0_wba00211-c006_image_118.jpg",816.7015418502203,431.98237885462555,848.4691629955948,556.3160792951542,"bottle"
"shelf_0_wba00211-c006_image_120.jpg",713.1277533039648,435.04405286343615,761.5253303964759,545.6222466960353,"bottle"
"shelf_0_wba00211-c006_image_120.jpg",659.8458149779736,433.2764317180617,708.3700440528635,542.990088105727,"bottle"
"shelf_0_wba00211-c006_image_120.jpg",604.977973568282,431.72356828193836,650.0440528634361,534.7632158590309,"bottle"
"shelf_0_wba00211-c006_image_120.jpg",553.8656387665199,420.08259911894277,604.2290748898679,530.5616740088107,"bottle"
"shelf_0_wba00211-c006_image_120.jpg",503.1112334801762,415.29735682819387,550.4570484581498,528.7610132158591,"bottle"
"shelf_0_wba00211-c006_image_120.jpg",430.85352422907494,349.36674008810576,499.95044052863443,524.5539647577093,"bottle"
"shelf_0_wba00211-c006_image_120.jpg",348.9537444933921,369.72466960352426,424.60352422907494,519.9339207048458,"bottle"
"shelf_0_wba00211-c006_image_120.jpg",757.5936123348018,423.1222466960353,804.807268722467,548.0671806167402,"bottle"
"shelf_0_wba00211-c006_image_120.jpg",813.0616740088107,426.61343612334804,854.7632158590309,549.3392070484582,"bottle"
"shelf_0_wba00211-c006_image_115.jpg",809.3337004405287,414.4988986784141,856.8447136563877,554.135462555066,"bottle"
"shelf_0_wba00211-c006_image_115.jpg",750.0660792951543,395.3909691629956,806.7841409691631,551.762114537445,"bottle"
"shelf_0_wba00211-c006_image_115.jpg",694.3612334801762,384.2125550660793,748.5077092511013,546.5088105726873,"bottle"
"shelf_0_wba00211-c006_image_115.jpg",631.2444933920705,383.0011013215859,693.3755506607929,539.7632158590309,"bottle"
"shelf_0_wba00211-c006_image_115.jpg",578.2874449339207,380.08810572687224,634.796255506608,539.2676211453745,"bottle"
"shelf_0_wba00211-c006_image_115.jpg",521.3381057268723,377.0594713656388,573.9922907488988,527.4118942731278,"bottle"
"shelf_0_wba00211-c006_image_115.jpg",457.8248898678414,372.307268722467,515.0715859030837,521.0022026431718,"bottle"
"shelf_0_wba00211-c006_image_119.jpg",745.1541850220265,394.36674008810576,801.6850220264317,530.8094713656388,"bottle"
"shelf_0_wba00211-c006_image_119.jpg",695.8204845814978,380.34140969162996,746.3436123348017,526.2389867841409,"bottle"
"shelf_0_wba00211-c006_image_119.jpg",636.5969162995596,373.1222466960353,690.5837004405287,514.9504405286344,"bottle"
"shelf_0_wba00211-c006_image_119.jpg",580.8204845814978,365.69933920704847,633.364537444934,513.5077092511013,"bottle"
"shelf_0_wba00211-c006_image_119.jpg",522.5715859030837,368.90969162995594,575.2973568281939,497.852422907489,"bottle"
"shelf_0_wba00211-c006_image_119.jpg",461.9218061674009,368.0616740088106,518.3920704845815,496.9218061674009,"bottle"
"shelf_0_wba00211-c007_image_11.jpg",349.1464757709251,402.34030837004406,406.3601321585903,511.05176211453744,"bottle"
"shelf_0_wba00211-c007_image_11.jpg",413.49669603524234,398.34251101321587,467.79735682819387,518.4140969162995,"bottle"
"shelf_0_wba00211-c007_image_11.jpg",475.4295154185022,397.5936123348018,526.9107929515419,514.8458149779735,"bottle"
"shelf_0_wba00211-c007_image_11.jpg",533.7059471365639,402.91299559471366,583.8160792951542,519.6971365638767,"bottle"
"shelf_0_wba00211-c007_image_11.jpg",592.4504405286344,403.69493392070484,635.4405286343613,526.8061674008811,"bottle"
"shelf_0_wba00211-c007_image_11.jpg",642.1861233480176,380.33039647577095,704.8458149779736,532.0099118942732,"bottle"
"shelf_0_wba00211-c007_image_11.jpg",717.3623348017621,379.8568281938326,764.1409691629956,534.3667400881058,"bottle"
"shelf_0_wba00211-c007_image_12.jpg",798.2378854625551,398.2488986784141,854.7797356828195,551.6519823788547,"bottle"
"shelf_0_wba00211-c007_image_12.jpg",739.6420704845815,392.31828193832604,791.8832599118942,546.4922907488988,"bottle"
"shelf_0_wba00211-c007_image_12.jpg",675.5671806167401,386.7070484581498,739.3722466960353,540.363436123348,"bottle"
"shelf_0_wba00211-c007_image_12.jpg",618.4746696035243,392.5605726872247,678.0011013215859,538.193832599119,"bottle"
"shelf_0_wba00211-c007_image_12.jpg",554.977973568282,381.238986784141,617.7202643171806,533.546255506608,"bottle"
"shelf_0_wba00211-c007_image_12.jpg",496.0022026431718,376.88876651982383,558.1167400881058,531.9603524229076,"bottle"
"shelf_0_wba00211-c007_image_12.jpg",435.534140969163,380.69933920704847,496.00770925110135,530.1927312775331,"bottle"
"shelf_0_wba00211-c007_image_12.jpg",373.41409691629957,365.0330396475771,435.6773127753304,526.7290748898679,"bottle"
"shelf_0_wba00211-c007_image_14.jpg",814.7852422907489,418.80506607929516,849.1960352422907,543.7720264317181,"bottle"
"shelf_0_wba00211-c007_image_14.jpg",762.8193832599119,405.6332599118943,813.7224669603524,548.2599118942732,"bottle"
"shelf_0_wba00211-c007_image_14.jpg",708.1883259911895,394.636563876652,761.6079295154185,540.1156387665199,"bottle"
"shelf_0_wba00211-c007_image_14.jpg",654.0693832599119,392.2632158590309,707.6486784140969,537.1200440528635,"bottle"
"shelf_0_wba00211-c007_image_14.jpg",595.6002202643172,379.87334801762114,650.385462555066,532.1035242290749,"bottle"
"shelf_0_wba00211-c007_image_14.jpg",536.5088105726873,374.6200440528635,588.1332599118944,529.9834801762115,"bottle"
"shelf_0_wba00211-c007_image_14.jpg",480.8480176211454,372.5660792951542,530.1266519823789,523.0286343612336,"bottle"
"shelf_0_wba00211-c007_image_14.jpg",419.3832599118943,369.4768722466961,473.7059471365639,516.8942731277534,"bottle"
"shelf_0_wba00211-c007_image_15.jpg",817.8964757709251,424.14096916299565,861.1839207048458,561.205947136564,"bottle"
"shelf_0_wba00211-c007_image_15.jpg",768.0176211453745,399.8953744493392,818.5848017621146,556.3050660792951,"bottle"
"shelf_0_wba00211-c007_image_15.jpg",709.5759911894273,401.238986784141,763.9372246696036,550.6662995594713,"bottle"
"shelf_0_wba00211-c007_image_15.jpg",645.9251101321586,392.55506607929516,701.613436123348,534.7852422907489,"bottle"
"shelf_0_wba00211-c007_image_15.jpg",591.8006607929516,426.1729074889868,643.5407488986784,535.2533039647577,"bottle"
"shelf_0_wba00211-c007_image_15.jpg",542.2632158590309,429.2511013215859,586.7070484581499,530.3193832599119,"bottle"
"shelf_0_wba00211-c007_image_15.jpg",423.7169603524229,407.4284140969163,473.4636563876652,515.5011013215859,"bottle"
"shelf_0_wba00211-c007_image_15.jpg",359.8788546255507,399.90088105726875,415.15418502202647,509.14096916299565,"bottle"
"shelf_0_wba00211-c007_image_16.jpg",811.3105726872247,417.46145374449344,850.8865638766521,553.6839207048458,"bottle"
"shelf_0_wba00211-c007_image_16.jpg",738.5352422907489,407.681718061674,778.8270925110132,546.1674008810573,"bottle"
"shelf_0_wba00211-c007_image_16.jpg",675.6167400881058,381.22246696035245,724.8017621145375,525.4955947136564,"bottle"
"shelf_0_wba00211-c007_image_16.jpg",628.705947136564,388.0837004405287,677.1696035242292,531.1013215859032,"bottle"
"shelf_0_wba00211-c007_image_16.jpg",565.4570484581498,371.784140969163,622.3127753303964,527.9900881057268,"bottle"
"shelf_0_wba00211-c007_image_16.jpg",515.0275330396476,365.08810572687224,566.5143171806167,523.386563876652,"bottle"
"shelf_0_wba00211-c007_image_16.jpg",445.5396475770925,356.40418502202647,500.9251101321586,516.7290748898679,"bottle"
"shelf_0_wba00211-c007_image_18.jpg",816.1949339207049,413.7059471365639,858.2654185022027,547.3788546255507,"bottle"
"shelf_0_wba00211-c007_image_18.jpg",742.5936123348018,395.6662995594714,786.9107929515419,539.9174008810573,"bottle"
"shelf_0_wba00211-c007_image_18.jpg",682.3568281938326,380.54515418502206,734.7687224669603,533.8215859030837,"bottle"
"shelf_0_wba00211-c007_image_18.jpg",637.3403083700441,376.0297356828194,684.1354625550662,535.875550660793,"bottle"
"shelf_0_wba00211-c007_image_18.jpg",578.8876651982379,373.13876651982383,626.4592511013216,526.0297356828194,"bottle"
"shelf_0_wba00211-c007_image_18.jpg",522.3788546255507,366.86674008810576,575.6442731277534,521.2114537444934,"bottle"
"shelf_0_wba00211-c007_image_18.jpg",463.21035242290753,358.90418502202647,512.8689427312776,516.2114537444934,"bottle"
"shelf_0_wba00211-c007_image_18.jpg",403.27092511013217,361.32709251101323,459.39977973568284,509.647577092511,"bottle"
"shelf_0_wba00211-c007_image_17.jpg",786.1068281938326,434.15198237885465,835.4460352422907,566.4867841409692,"bottle"
"shelf_0_wba00211-c007_image_17.jpg",639.8843612334803,399.2180616740088,691.5528634361234,537.4669603524229,"bottle"
"shelf_0_wba00211-c007_image_17.jpg",590.9030837004406,431.1288546255507,637.0759911894273,535.2202643171806,"bottle"
"shelf_0_wba00211-c007_image_17.jpg",525.3744493392071,399.37775330396477,583.1442731277534,516.6960352422908,"bottle"
"shelf_0_wba00211-c007_image_17.jpg",476.87775330396477,413.2764317180617,529.6585903083701,516.5969162995596,"bottle"
"shelf_0_wba00211-c007_image_17.jpg",419.22356828193836,403.4636563876652,473.79405286343615,508.55176211453744,"bottle"
"shelf_0_wba00211-c007_image_17.jpg",359.37224669603523,395.3799559471366,415.534140969163,505.34140969162996,"bottle"
"shelf_0_wba00211-c007_image_2.jpg",780.3799559471366,408.7169603524229,830.6552863436124,558.8656387665199,"bottle"
"shelf_0_wba00211-c007_image_2.jpg",724.2896475770925,408.48568281938327,769.7081497797357,555.5011013215859,"bottle"
"shelf_0_wba00211-c007_image_2.jpg",678.4856828193833,400.5616740088106,723.0892070484582,545.6442731277533,"bottle"
"shelf_0_wba00211-c007_image_2.jpg",622.4063876651983,387.2632158590309,670.3909691629956,542.830396475771,"bottle"
"shelf_0_wba00211-c007_image_2.jpg",558.2984581497798,375.92511013215864,618.0671806167402,547.8744493392071,"bottle"
"shelf_0_wba00211-c007_image_2.jpg",499.61453744493394,372.8799559471366,552.3733480176212,530.6332599118944,"bottle"
"shelf_0_wba00211-c007_image_2.jpg",439.30616740088107,366.16189427312776,499.37224669603523,521.8171806167401,"bottle"
"shelf_0_wba00211-c007_image_19.jpg",794.240088105727,442.3017621145375,837.103524229075,567.9845814977974,"bottle"
"shelf_0_wba00211-c007_image_19.jpg",748.9812775330397,411.8722466960353,791.9328193832599,564.647577092511,"bottle"
"shelf_0_wba00211-c007_image_19.jpg",688.6508810572687,401.61894273127757,742.0594713656388,554.2345814977974,"bottle"
"shelf_0_wba00211-c007_image_19.jpg",641.9273127753304,417.58259911894277,691.431718061674,550.2477973568282,"bottle"
"shelf_0_wba00211-c007_image_19.jpg",596.0297356828194,441.11233480176213,638.419603524229,535.1982378854626,"bottle"
"shelf_0_wba00211-c007_image_19.jpg",535.693832599119,405.96916299559473,589.5209251101322,525.5011013215859,"bottle"
"shelf_0_wba00211-c007_image_19.jpg",483.909691629956,417.53303964757714,532.2466960352424,525.1982378854626,"bottle"
"shelf_0_wba00211-c007_image_19.jpg",424.8458149779736,409.3722466960353,476.773127753304,520.5781938325991,"bottle"
"shelf_0_wba00211-c007_image_19.jpg",363.3259911894273,401.5969162995595,425.0715859030837,519.7191629955947,"bottle"
"shelf_0_wba00211-c007_image_3.jpg",819.6971365638767,454.2015418502203,859.9944933920706,582.9185022026431,"bottle"
"shelf_0_wba00211-c007_image_3.jpg",774.7632158590309,442.1585903083701,827.1530837004406,574.785242290749,"bottle"
"shelf_0_wba00211-c007_image_3.jpg",724.2511013215859,430.43502202643174,773.2764317180616,557.9735682819384,"bottle"
"shelf_0_wba00211-c007_image_3.jpg",667.2246696035243,430.42400881057273,722.2577092511013,559.3557268722468,"bottle"
"shelf_0_wba00211-c007_image_3.jpg",622.6982378854626,450.8700440528635,670.693832599119,560.319383259912,"bottle"
"shelf_0_wba00211-c007_image_3.jpg",571.8942731277533,438.738986784141,616.5583700440528,535.534140969163,"bottle"
"shelf_0_wba00211-c007_image_3.jpg",510.2422907488987,422.8469162995595,562.1035242290749,539.9669603524229,"bottle"
"shelf_0_wba00211-c007_image_3.jpg",454.9669603524229,413.21035242290753,512.0484581497798,535.5616740088107,"bottle"
"shelf_0_wba00211-c007_image_3.jpg",395.1211453744494,398.65088105726875,451.53634361233486,518.0176211453745,"bottle"
"shelf_0_wba00211-c007_image_4.jpg",782.5055066079295,425.26982378854626,827.147577092511,560.1211453744494,"bottle"
"shelf_0_wba00211-c007_image_4.jpg",740.2147577092511,419.1795154185022,781.580396475771,553.5352422907489,"bottle"
"shelf_0_wba00211-c007_image_4.jpg",694.9118942731278,402.43942731277536,741.6024229074891,548.3039647577093,"bottle"
"shelf_0_wba00211-c007_image_4.jpg",644.3722466960353,399.0748898678414,692.7312775330397,541.5859030837005,"bottle"
"shelf_0_wba00211-c007_image_4.jpg",586.5418502202643,383.90418502202647,637.9019823788547,529.1189427312776,"bottle"
"shelf_0_wba00211-c007_image_4.jpg",531.3160792951542,378.023127753304,587.4504405286343,530.3744493392071,"bottle"
"shelf_0_wba00211-c007_image_4.jpg",474.2400881057269,374.87334801762114,524.3006607929516,519.4218061674009,"bottle"
"shelf_0_wba00211-c007_image_5.jpg",772.8799559471366,431.97136563876654,816.2224669603524,567.4118942731278,"bottle"
"shelf_0_wba00211-c007_image_5.jpg",734.2345814977974,411.59140969162996,780.3248898678414,550.0936123348017,"bottle"
"shelf_0_wba00211-c007_image_5.jpg",680.3248898678414,407.86343612334804,729.1905286343613,547.4008810572687,"bottle"
"shelf_0_wba00211-c007_image_5.jpg",622.147577092511,399.90088105726875,677.5220264317181,536.7676211453745,"bottle"
"shelf_0_wba00211-c007_image_5.jpg",587.3898678414097,417.2081497797357,628.5958149779735,521.3160792951542,"bottle"
"shelf_0_wba00211-c007_image_5.jpg",533.9702643171806,411.23348017621146,575.875550660793,513.9151982378855,"bottle"
"shelf_0_wba00211-c007_image_5.jpg",481.3381057268723,400.4790748898679,528.4581497797358,506.96585903083707,"bottle"
"shelf_0_wba00211-c007_image_5.jpg",421.79515418502206,385.2367841409692,472.9845814977974,500.00550660792953,"bottle"
"shelf_0_wba00211-c008_image_41.jpg",411.65198237885465,405.87555066079295,457.7643171806168,528.6068281938326,"bottle"
"shelf_0_wba00211-c008_image_41.jpg",848.0561674008811,456.1563876651983,896.6024229074891,570.2092511013217,"bottle"
"shelf_0_wba00211-c008_image_41.jpg",802.6486784140969,452.36233480176213,847.9019823788547,562.136563876652,"bottle"
"shelf_0_wba00211-c008_image_41.jpg",644.9229074889868,440.80396475770925,692.522026431718,548.8050660792951,"bottle"
"shelf_0_wba00211-c008_image_41.jpg",589.7466960352423,437.3348017621146,634.8458149779735,543.8381057268723,"bottle"
"shelf_0_wba00211-c008_image_41.jpg",531.1674008810573,422.25770925110135,582.0319383259913,539.0198237885463,"bottle"
"shelf_0_wba00211-c008_image_41.jpg",471.40418502202647,411.9162995594714,526.079295154185,540.5011013215859,"bottle"
"shelf_0_wba00211-c007_image_6.jpg",765.0660792951543,378.3149779735683,828.9977973568283,549.7026431718062,"bottle"
"shelf_0_wba00211-c007_image_6.jpg",701.1068281938326,382.87444933920705,762.6376651982379,541.1343612334801,"bottle"
"shelf_0_wba00211-c007_image_6.jpg",637.0704845814978,386.4537444933921,701.7180616740088,539.3722466960353,"bottle"
"shelf_0_wba00211-c007_image_6.jpg",573.4746696035243,384.2070484581498,640.3744493392071,548.546255506608,"bottle"
"shelf_0_wba00211-c007_image_6.jpg",500.42400881057273,372.1806167400881,569.8348017621146,542.5440528634361,"bottle"
"shelf_0_wba00211-c007_image_6.jpg",439.5759911894273,380.4625550660793,499.3887665198238,547.1530837004406,"bottle"
"shelf_0_wba00211-c007_image_6.jpg",379.11343612334804,381.3160792951542,442.50550660792953,554.6530837004406,"bottle"
"shelf_0_wba00211-c007_image_6.jpg",317.58810572687224,376.00770925110135,380.2753303964758,546.2940528634361,"bottle"
"shelf_0_wba00211-c007_image_9.jpg",394.05286343612335,369.04185022026434,450.55616740088107,526.8667400881058,"bottle"
"shelf_0_wba00211-c007_image_9.jpg",458.0947136563877,357.7643171806168,513.8711453744494,528.1552863436124,"bottle"
"shelf_0_wba00211-c007_image_9.jpg",810.9911894273129,421.0352422907489,862.0044052863437,553.7389867841409,"bottle"
"shelf_0_wba00211-c007_image_9.jpg",752.9570484581499,413.79405286343615,805.9085903083701,549.0859030837005,"bottle"
"shelf_0_wba00211-c007_image_9.jpg",585.9581497797357,401.40969162995594,644.2345814977973,541.9107929515419,"bottle"
"shelf_0_wba00211-c007_image_9.jpg",523.4856828193833,387.4284140969163,580.1321585903084,537.296255506608,"bottle"
"shelf_0_wba00211-c008_image_44.jpg",836.2114537444934,461.1013215859031,887.3898678414097,569.069383259912,"bottle"
"shelf_0_wba00211-c008_image_44.jpg",791.2444933920706,454.7742290748899,837.5495594713657,563.0396475770925,"bottle"
"shelf_0_wba00211-c008_image_44.jpg",740.0825991189428,451.0517621145375,791.0848017621146,558.7555066079295,"bottle"
"shelf_0_wba00211-c008_image_44.jpg",690.8590308370044,440.9196035242291,739.8898678414097,553.8601321585903,"bottle"
"shelf_0_wba00211-c008_image_44.jpg",637.3733480176212,430.64977973568284,686.5473568281939,548.5848017621146,"bottle"
"shelf_0_wba00211-c008_image_44.jpg",581.0848017621146,427.58810572687224,629.2015418502203,535.4900881057268,"bottle"
"shelf_0_wba00211-c008_image_44.jpg",522.3458149779736,418.76101321585907,576.6850220264319,539.3612334801762,"bottle"
"shelf_0_wba00211-c008_image_44.jpg",460.4295154185022,416.4867841409692,515.4185022026431,525.2257709251102,"bottle"
"shelf_0_wba00211-c008_image_44.jpg",405.12665198237886,408.3810572687225,456.36563876651985,528.3314977973569,"bottle"
"shelf_0_wba00211-c008_image_54.jpg",785.4790748898679,388.9262114537445,848.1387665198239,513.0671806167401,"bottle"
"shelf_0_wba00211-c008_image_54.jpg",707.8193832599119,371.3160792951542,778.1112334801762,515.4240088105728,"bottle"
"shelf_0_wba00211-c008_image_54.jpg",632.296255506608,374.7136563876652,703.2323788546256,522.1640969162995,"bottle"
"shelf_0_wba00211-c008_image_54.jpg",558.023127753304,389.0033039647577,627.9074889867842,516.0077092511013,"bottle"
"shelf_0_wba00211-c008_image_54.jpg",488.44713656387665,397.0154185022027,558.6894273127754,528.9482378854626,"bottle"
"shelf_0_wba00211-c008_image_54.jpg",419.3942731277533,408.4636563876652,486.442731277533,542.114537444934,"bottle"
"shelf_0_wba00211-c008_image_54.jpg",354.3612334801762,410.61674008810576,417.44493392070484,546.25,"bottle"
"shelf_0_wba00211-c008_image_54.jpg",297.2081497797357,422.681718061674,355.4515418502203,544.7632158590309,"bottle"
"shelf_0_wba00211-c008_image_54.jpg",234.04185022026434,422.3568281938326,295.4900881057269,545.7268722466961,"bottle"
"shelf_0_wba00211-c008_image_42.jpg",834.5870044052864,447.2301762114538,879.1850220264317,551.7015418502203,"bottle"
"shelf_0_wba00211-c008_image_42.jpg",778.738986784141,449.47136563876654,831.9603524229076,556.2995594713657,"bottle"
"shelf_0_wba00211-c008_image_42.jpg",730.523127753304,441.2775330396476,772.4504405286344,551.0517621145375,"bottle"
"shelf_0_wba00211-c008_image_42.jpg",615.3579295154185,428.4526431718062,674.4988986784141,549.7411894273127,"bottle"
"shelf_0_wba00211-c008_image_42.jpg",562.0759911894273,420.715859030837,613.204845814978,536.5748898678414,"bottle"
"shelf_0_wba00211-c008_image_42.jpg",500.9801762114538,418.1332599118943,550.9085903083701,533.3149779735684,"bottle"
"shelf_0_wba00211-c008_image_42.jpg",445.4515418502203,416.54185022026434,494.5374449339207,529.6585903083701,"bottle"
"shelf_0_wba00211-c008_image_42.jpg",379.9063876651983,401.5363436123348,432.74779735682824,525.9966960352423,"bottle"
"shelf_0_wba00211-c008_image_42.jpg",326.61894273127757,396.81718061674013,379.8458149779736,518.5517621145375,"bottle"
"shelf_0_wba00211-c008_image_58.jpg",858.0176211453745,422.03193832599123,917.4339207048458,552.9074889867842,"bottle"
"shelf_0_wba00211-c008_image_58.jpg",799.7852422907489,420.170704845815,854.6090308370044,544.625550660793,"bottle"
"shelf_0_wba00211-c008_image_58.jpg",736.7786343612336,412.1090308370044,792.6101321585904,544.3942731277533,"bottle"
"shelf_0_wba00211-c008_image_58.jpg",682.0209251101322,413.87665198237886,734.9614537444935,546.2444933920705,"bottle"
"shelf_0_wba00211-c008_image_58.jpg",621.7455947136564,414.0748898678414,679.669603524229,535.2312775330397,"bottle"
"shelf_0_wba00211-c008_image_58.jpg",564.4823788546256,419.01982378854626,618.8325991189428,537.5165198237886,"bottle"
"shelf_0_wba00211-c008_image_58.jpg",499.9174008810573,411.8502202643172,553.4306167400881,532.5936123348018,"bottle"
"shelf_0_wba00211-c008_image_58.jpg",441.7786343612335,407.5220264317181,495.00550660792953,524.2235682819384,"bottle"
"shelf_0_wba00211-c008_image_58.jpg",380.3248898678414,401.4537444933921,435.0605726872247,542.659691629956,"bottle"
"shelf_0_wba00211-c008_image_58.jpg",322.2466960352423,400.523127753304,376.1894273127753,525.5616740088105,"bottle"
"shelf_0_wba00211-c008_image_43.jpg",842.9845814977974,454.79625550660796,889.8733480176212,557.4229074889868,"bottle"
"shelf_0_wba00211-c008_image_43.jpg",787.4174008810573,446.0627753303965,837.4174008810573,552.318281938326,"bottle"
"shelf_0_wba00211-c008_image_43.jpg",733.9207048458151,442.3843612334802,784.8292951541852,538.8215859030837,"bottle"
"shelf_0_wba00211-c008_image_43.jpg",625.2312775330397,438.5297356828194,680.6442731277533,544.1189427312776,"bottle"
"shelf_0_wba00211-c008_image_43.jpg",566.7345814977974,425.6773127753304,619.9394273127754,533.9867841409691,"bottle"
"shelf_0_wba00211-c008_image_43.jpg",512.477973568282,412.5991189427313,566.5033039647577,536.7566079295154,"bottle"
"shelf_0_wba00211-c008_image_43.jpg",449.67511013215864,414.0033039647577,508.0616740088106,531.2444933920705,"bottle"
"shelf_0_wba00211-c008_image_43.jpg",390.05506607929516,407.61563876651985,446.965859030837,519.8953744493392,"bottle"
"shelf_0_wba00211-c008_image_43.jpg",328.204845814978,401.62444933920705,383.3700440528635,521.6740088105727,"bottle"
"shelf_0_wba15196-c001_image_166.jpg",793.3259911894273,392.4174008810573,850.9361233480176,557.2852422907489,"bottle"
"shelf_0_wba15196-c001_image_166.jpg",729.9504405286344,388.3590308370044,792.4118942731278,569.4383259911895,"bottle"
"shelf_0_wba15196-c001_image_166.jpg",667.0154185022027,397.2522026431718,733.8821585903084,572.3127753303966,"bottle"
"shelf_0_wba15196-c001_image_166.jpg",598.6343612334803,394.0693832599119,665.9140969162996,568.8381057268723,"bottle"
"shelf_0_wba15196-c001_image_166.jpg",535.1762114537445,354.19603524229075,606.1068281938326,569.3997797356828,"bottle"
"shelf_0_wba15196-c001_image_166.jpg",464.2070484581498,340.66079295154185,535.6222466960353,574.0418502202643,"bottle"
"shelf_0_wba15196-c001_image_166.jpg",398.83810572687224,368.2874449339207,470.9526431718062,575.545154185022,"bottle"
"shelf_0_wba00211-c008_image_59.jpg",417.2301762114538,381.954845814978,465.60572687224675,514.273127753304,"bottle"
"shelf_0_wba00211-c008_image_59.jpg",535.693832599119,384.04735682819387,579.5154185022027,517.6486784140969,"bottle"
"shelf_0_wba00211-c008_image_59.jpg",778.397577092511,437.8138766519824,821.4647577092511,524.6751101321586,"bottle"
"shelf_0_wba00211-c008_image_59.jpg",732.5550660792952,435.9911894273128,774.8568281938327,526.4372246696036,"bottle"
"shelf_0_wba00211-c008_image_59.jpg",687.9240088105727,430.9085903083701,727.4724669603524,523.3204845814978,"bottle"
"shelf_0_wba00211-c008_image_59.jpg",638.5352422907489,426.5859030837005,686.0352422907489,517.819383259912,"bottle"
"shelf_0_wba00211-c008_image_59.jpg",577.8469162995596,398.35352422907494,629.6530837004406,519.0308370044054,"bottle"
"shelf_0_wba00211-c008_image_60.jpg",813.3590308370044,392.31828193832604,872.6982378854625,530.3248898678414,"bottle"
"shelf_0_wba00211-c008_image_60.jpg",739.2455947136564,402.2411894273128,805.3909691629956,539.7026431718062,"bottle"
"shelf_0_wba00211-c008_image_60.jpg",670.0110132158591,389.5759911894273,736.8557268722467,541.5253303964757,"bottle"
"shelf_0_wba00211-c008_image_60.jpg",532.0429515418502,416.762114537445,600.4019823788547,549.0748898678414,"bottle"
"shelf_0_wba00211-c008_image_60.jpg",465.6828193832599,419.443832599119,533.1662995594713,548.7444933920706,"bottle"
"shelf_0_wba00211-c008_image_60.jpg",399.1464757709251,419.2896475770925,460.8535242290749,553.8436123348017,"bottle"
"shelf_0_wba00211-c008_image_60.jpg",343.05066079295153,427.4669603524229,399.45484581497794,559.1850220264317,"bottle"
"shelf_0_wba00211-c008_image_60.jpg",280.5616740088106,430.0936123348018,341.07929515418505,554.0693832599119,"bottle"
"shelf_0_wba00211-c008_image_60.jpg",230.18171806167402,423.0506607929516,283.6343612334802,554.6806167400882,"bottle"
"shelf_0_wba15196-c001_image_161.jpg",814.6861233480176,366.7400881057269,883.9041850220265,559.5704845814978,"bottle"
"shelf_0_wba15196-c001_image_161.jpg",738.1497797356828,366.43722466960355,814.080396475771,555.9801762114538,"bottle"
"shelf_0_wba15196-c001_image_161.jpg",661.9603524229075,380.4790748898679,740.0165198237885,561.1784140969164,"bottle"
"shelf_0_wba15196-c001_image_161.jpg",590.5066079295154,377.7367841409692,661.5308370044053,561.0737885462555,"bottle"
"shelf_0_wba15196-c001_image_161.jpg",523.7720264317181,323.80506607929516,589.603524229075,563.7334801762115,"bottle"
"shelf_0_wba15196-c001_image_161.jpg",453.2488986784141,331.87224669603523,522.0539647577093,566.965859030837,"bottle"
"shelf_0_wba15196-c001_image_161.jpg",386.40969162995594,353.80506607929516,457.08700440528634,572.0814977973569,"bottle"
"shelf_0_wba15196-c001_image_161.jpg",300.5011013215859,343.4306167400881,381.5363436123348,573.579295154185,"bottle"
"shelf_0_wba15196-c001_image_167.jpg",784.6585903083701,360.704845814978,840.6332599118944,578.705947136564,"bottle"
"shelf_0_wba15196-c001_image_167.jpg",727.5825991189428,347.94603524229075,778.1057268722467,570.6718061674009,"bottle"
"shelf_0_wba15196-c001_image_167.jpg",660.6387665198238,341.1563876651983,725.4790748898679,567.6321585903084,"bottle"
"shelf_0_wba15196-c001_image_167.jpg",588.1993392070485,359.1299559471366,651.1233480176212,563.6949339207049,"bottle"
"shelf_0_wba15196-c001_image_167.jpg",516.3160792951542,333.8491189427313,585.2698237885462,551.3656387665199,"bottle"
"shelf_0_wba15196-c001_image_168.jpg",776.068281938326,394.15198237885465,835.897577092511,560.7929515418502,"bottle"
"shelf_0_wba15196-c001_image_168.jpg",717.7533039647577,394.3557268722467,779.2345814977974,563.7555066079295,"bottle"
"shelf_0_wba15196-c001_image_168.jpg",649.6530837004406,398.40308370044056,723.1057268722467,569.3942731277533,"bottle"
"shelf_0_wba15196-c001_image_168.jpg",583.2874449339207,394.87334801762114,655.0936123348017,565.545154185022,"bottle"
"shelf_0_wba15196-c001_image_168.jpg",521.6740088105727,346.5859030837005,587.7422907488987,573.4526431718062,"bottle"
"shelf_0_wba15196-c001_image_168.jpg",456.5253303964758,346.2885462555066,528.0011013215859,558.1002202643172,"bottle"
"shelf_0_wba15196-c001_image_168.jpg",384.43832599118946,364.7081497797357,456.4812775330397,567.136563876652,"bottle"
"shelf_0_wba15196-c001_image_176.jpg",805.6222466960353,370.25881057268725,877.0980176211455,562.1090308370044,"bottle"
"shelf_0_wba15196-c001_image_176.jpg",730.897577092511,369.9284140969163,806.4647577092511,562.4504405286343,"bottle"
"shelf_0_wba15196-c001_image_176.jpg",664.6696035242292,384.36674008810576,740.2477973568283,567.8799559471366,"bottle"
"shelf_0_wba15196-c001_image_176.jpg",586.5418502202643,387.1310572687225,666.431718061674,567.1585903083701,"bottle"
"shelf_0_wba15196-c001_image_176.jpg",525.4295154185022,332.147577092511,594.3392070484581,568.6839207048458,"bottle"
"shelf_0_wba15196-c001_image_176.jpg",444.01982378854626,332.0484581497798,523.4746696035243,571.3546255506608,"bottle"
"shelf_0_wba15196-c001_image_176.jpg",379.6916299559472,346.3105726872247,458.8491189427313,571.3160792951542,"bottle"
"shelf_0_wba15196-c002_image_99.jpg",773.7444933920706,384.9284140969163,823.3590308370045,534.5925110132159,"bottle"
"shelf_0_wba15196-c002_image_99.jpg",716.4482378854626,385.29735682819387,767.9350220264317,529.0748898678414,"bottle"
"shelf_0_wba15196-c002_image_99.jpg",661.7455947136564,377.53303964757714,713.5958149779735,536.9713656387665,"bottle"
"shelf_0_wba15196-c002_image_99.jpg",608.1497797356828,374.5594713656388,665.3138766519824,528.8546255506608,"bottle"
"shelf_0_wba15196-c002_image_99.jpg",543.0671806167401,372.1200440528635,610.0550660792951,523.1607929515419,"bottle"
"shelf_0_wba15196-c002_image_99.jpg",482.2852422907489,372.80286343612335,541.8777533039647,524.5980176211453,"bottle"
"shelf_0_wba15196-c002_image_99.jpg",407.1310572687225,377.99559471365643,473.75550660792953,524.2896475770925,"bottle"
"shelf_0_wba15196-c001_image_172.jpg",822.8524229074891,343.36453744493394,915.3689427312777,585.5781938325991,"bottle"
"shelf_0_wba15196-c001_image_172.jpg",735.5837004405287,344.38876651982383,823.364537444934,592.0264317180618,"bottle"
"shelf_0_wba15196-c001_image_172.jpg",643.7885462555066,376.8557268722467,730.0330396475771,597.3623348017621,"bottle"
"shelf_0_wba15196-c001_image_172.jpg",557.3843612334801,389.11343612334804,635.3138766519824,590.0550660792952,"bottle"
"shelf_0_wba15196-c001_image_172.jpg",487.48348017621146,338.8601321585903,563.0561674008811,597.2136563876652,"bottle"
"shelf_0_wba15196-c001_image_172.jpg",403.29295154185024,336.4977973568282,482.93502202643174,601.1343612334801,"bottle"
"shelf_0_wba15196-c001_image_172.jpg",338.4306167400881,362.87444933920705,417.23017621145374,596.9768722466961,"bottle"
"shelf_0_wba15196-c002_image_100.jpg",746.7455947136564,386.7511013215859,793.3314977973569,524.4493392070485,"bottle"
"shelf_0_wba15196-c002_image_100.jpg",697.9019823788547,384.5704845814978,745.6773127753304,523.8931718061674,"bottle"
"shelf_0_wba15196-c002_image_100.jpg",646.1839207048458,380.63876651982383,697.0319383259912,521.8171806167402,"bottle"
"shelf_0_wba15196-c002_image_100.jpg",596.431718061674,374.93942731277536,650.2973568281939,531.3546255506608,"bottle"
"shelf_0_wba15196-c002_image_100.jpg",536.6850220264317,371.5363436123348,592.136563876652,534.2345814977973,"bottle"
"shelf_0_wba15196-c002_image_100.jpg",470.0991189427313,370.0495594713657,529.7466960352423,521.6519823788547,"bottle"
"shelf_0_wba15196-c003-test_image_193.jpg",790.2037444933922,408.5958149779736,838.6729074889869,564.443832599119,"bottle"
"shelf_0_wba15196-c003-test_image_193.jpg",734.6806167400881,402.4063876651983,783.4636563876652,554.0033039647577,"bottle"
"shelf_0_wba15196-c003-test_image_193.jpg",620.9746696035243,373.4526431718062,677.1200440528635,549.6585903083701,"bottle"
"shelf_0_wba15196-c003-test_image_193.jpg",554.3612334801762,384.79074889867843,609.6861233480176,547.114537444934,"bottle"
"shelf_0_wba15196-c003-test_image_193.jpg",490.36343612334804,379.3447136563877,551.2059471365639,536.2169603524229,"bottle"
"shelf_0_wba15196-c003-test_image_194.jpg",778.3149779735684,397.5495594713657,828.5022026431719,542.125550660793,"bottle"
"shelf_0_wba15196-c003-test_image_194.jpg",713.9812775330397,390.897577092511,767.9570484581499,541.0187224669604,"bottle"
"shelf_0_wba15196-c003-test_image_194.jpg",532.488986784141,367.4504405286344,594.3557268722468,527.136563876652,"bottle"
"shelf_0_wba15196-c003-test_image_194.jpg",474.5264317180617,359.66409691629957,528.5737885462555,518.7995594713657,"bottle"
"shelf_0_wba15196-c003-test_image_195.jpg",775.5616740088107,404.5870044052864,833.3149779735684,546.205947136564,"bottle"
"shelf_0_wba15196-c003-test_image_195.jpg",717.8028634361234,395.41299559471366,773.3480176211455,546.8777533039647,"bottle"
"shelf_0_wba15196-c003-test_image_195.jpg",665.3579295154185,394.4273127753304,718.6729074889868,553.3920704845815,"bottle"
"shelf_0_wba15196-c003-test_image_195.jpg",600.2257709251102,395.08259911894277,662.0594713656388,546.2334801762115,"bottle"
"shelf_0_wba15196-c003-test_image_195.jpg",539.7246696035243,392.86343612334804,604.5925110132159,548.9482378854626,"bottle"
"shelf_0_wba15196-c003-test_image_195.jpg",482.0374449339207,404.54295154185024,542.8744493392071,547.4504405286344,"bottle"
"shelf_0_wba15196-c003-test_image_195.jpg",420.04405286343615,388.1222466960353,484.443832599119,555.5176211453745,"bottle"
"shelf_0_wba15196-c003-test_image_195.jpg",350.85352422907494,389.3226872246696,414.6640969162996,548.4581497797357,"bottle"
"shelf_0_wba15196-c003-test_image_192.jpg",763.1662995594714,335.0220264317181,843.1552863436124,548.3425110132159,"bottle"
"shelf_0_wba15196-c003-test_image_192.jpg",522.3127753303964,351.8557268722467,600.5231277533039,553.5903083700441,"bottle"
"shelf_0_wba15196-c003-test_image_192.jpg",449.1354625550661,353.1552863436124,517.4394273127754,550.6277533039648,"bottle"
"shelf_0_wba15196-c003-test_image_192.jpg",375.2092511013216,355.55066079295153,450.1927312775331,547.1420704845815,"bottle"
"shelf_0_wba15196-c003-test_image_192.jpg",315.90308370044056,371.0958149779736,378.56828193832604,552.296255506608,"bottle"
"shelf_0_wba15196-c003-test_image_192.jpg",190.77092511013217,378.5737885462555,255.40198237885465,549.6640969162995,"bottle"
"shelf_0_wba15196-c003-test_image_192.jpg",674.6310572687225,405.3909691629956,733.5077092511015,546.5638766519824,"bottle"
"shelf_0_wba15196-c003-test_image_192.jpg",624.2015418502203,390.61674008810576,670.8865638766521,549.2235682819384,"bottle"
"shelf_0_wba15196-c003-test_image_198.jpg",773.3700440528635,400.68832599118946,832.2797356828195,545.6883259911895,"bottle"
"shelf_0_wba15196-c003-test_image_198.jpg",718.7885462555066,395.96916299559473,773.2544052863436,551.7345814977974,"bottle"
"shelf_0_wba15196-c003-test_image_198.jpg",661.5308370044053,391.1674008810573,722.7753303964757,550.2367841409692,"bottle"
"shelf_0_wba15196-c003-test_image_198.jpg",597.488986784141,392.1916299559472,658.9977973568283,546.035242290749,"bottle"
"shelf_0_wba15196-c003-test_image_198.jpg",541.0352422907489,385.56718061674013,597.4504405286343,541.8061674008811,"bottle"
"shelf_0_wba15196-c003-test_image_198.jpg",482.84140969162996,400.4625550660793,540.1431718061674,547.2742290748898,"bottle"
"shelf_0_wba15196-c003-test_image_198.jpg",420.2367841409692,374.10242290748903,478.9262114537445,546.2169603524229,"bottle"
"shelf_0_wba15196-c003-test_image_198.jpg",346.8447136563877,366.94383259911893,418.1112334801762,555.1872246696036,"bottle"
"shelf_0_wba15196-c003-test_image_206.jpg",780.7819383259912,370.7378854625551,844.8237885462555,536.5859030837005,"bottle"
"shelf_0_wba15196-c003-test_image_206.jpg",724.2566079295154,367.6321585903084,783.2268722466961,541.9878854625551,"bottle"
"shelf_0_wba15196-c003-test_image_206.jpg",662.296255506608,367.7037444933921,728.7334801762115,541.4427312775331,"bottle"
"shelf_0_wba15196-c003-test_image_206.jpg",604.4796255506608,368.06993392070484,670.9168502202643,541.8089207048458,"bottle"
"shelf_0_wba15196-c003-test_image_206.jpg",535.9333700440529,364.03359030837004,602.3705947136565,537.772577092511,"bottle"
"shelf_0_wba15196-c003-test_image_206.jpg",478.05892070484583,364.03359030837004,544.4961453744494,537.772577092511,"bottle"
"shelf_0_wba15196-c003-test_image_206.jpg",335.49284140969166,361.67125550660796,401.9300660792952,535.410242290749,"bottle"
"shelf_0_wba15196-c003-test_image_206.jpg",261.6602422907489,358.92896475770925,328.09746696035245,532.6679515418502,"bottle"
"shelf_0_wba15196-c003-test_image_207.jpg",788.738986784141,379.5980176211454,854.0143171806168,547.296255506608,"bottle"
"shelf_0_wba15196-c003-test_image_207.jpg",725.9801762114538,383.19933920704847,791.2555066079295,550.897577092511,"bottle"
"shelf_0_wba15196-c003-test_image_207.jpg",661.1894273127754,377.0374449339207,726.4647577092511,544.7356828193833,"bottle"
"shelf_0_wba15196-c003-test_image_207.jpg",599.7246696035243,369.3612334801762,665,537.0594713656387,"bottle"
"shelf_0_wba15196-c003-test_image_207.jpg",535.1982378854626,368.9922907488987,600.4735682819384,536.6905286343613,"bottle"
"shelf_0_wba15196-c003-test_image_207.jpg",478.99779735682824,364.1795154185022,544.273127753304,531.8777533039647,"bottle"
"shelf_0_wba15196-c007_image_21.jpg",859.2015418502203,403.73348017621146,912.488986784141,558.6398678414097,"bottle"
"shelf_0_wba15196-c007_image_21.jpg",800.5974669603524,404.7219162995595,853.8849118942732,559.6283039647577,"bottle"
"shelf_0_wba15196-c007_image_21.jpg",685.5864537444934,389.556718061674,738.8738986784141,544.4631057268723,"bottle"
"shelf_0_wba15196-c007_image_21.jpg",624.6668502202643,387.71200440528634,677.954295154185,542.6183920704846,"bottle"
"shelf_0_wba15196-c007_image_21.jpg",563.7252202643172,383.2626651982379,617.0126651982379,538.1690528634361,"bottle"
"shelf_0_wba15196-c007_image_21.jpg",503.60958149779736,373.42786343612335,556.8970264317181,528.3342511013216,"bottle"
"shelf_0_wba15196-c007_image_21.jpg",437.5578193832599,369.7935022026432,490.84526431718064,524.6998898678414,"bottle"
"shelf_0_wba15196-c007_image_21.jpg",376.0049559471366,367.39262114537445,429.2924008810573,522.2990088105727,"bottle"
"shelf_0_wba15196-c009_image_61.jpg",789.8568281938326,368.0947136563877,865.1156387665199,534.9284140969163,"bottle"
"shelf_0_wba15196-c009_image_61.jpg",720.6635462555066,368.9454845814978,795.9223568281939,535.7791850220265,"bottle"
"shelf_0_wba15196-c009_image_61.jpg",650.977422907489,367.2329295154185,726.2362334801762,534.0666299559472,"bottle"
"shelf_0_wba15196-c009_image_61.jpg",575.3551762114538,368.7472466960353,650.613986784141,535.580947136564,"bottle"
"shelf_0_wba15196-c009_image_61.jpg",442.2935022026432,367.409140969163,517.5523127753304,534.2428414096917,"bottle"
"shelf_0_wba15196-c009_image_61.jpg",374.0776431718062,373.6646475770925,449.3364537444934,540.4983480176212,"bottle"
"shelf_0_wba15196-c009_image_61.jpg",300.5534140969163,376.88050660792953,375.81222466960355,543.7142070484582,"bottle"
"shelf_0_wba15196-c009_image_61.jpg",220.6855726872247,378.35077092511017,295.9443832599119,545.1844713656388,"bottle"
"shelf_0_wba15196-c007_image_23.jpg",797.6486784140969,412.3458149779736,852.0759911894273,560.3854625550662,"bottle"
"shelf_0_wba15196-c007_image_23.jpg",742.9845814977974,415.5011013215859,797.4118942731278,563.5407488986784,"bottle"
"shelf_0_wba15196-c007_image_23.jpg",630.4129955947137,399.87334801762114,684.8403083700441,547.9129955947137,"bottle"
"shelf_0_wba15196-c007_image_23.jpg",572.8744493392071,395.0660792951542,627.3017621145375,543.1057268722468,"bottle"
"shelf_0_wba15196-c007_image_23.jpg",511.7786343612335,387.64867841409693,566.205947136564,535.6883259911895,"bottle"
"shelf_0_wba15196-c007_image_23.jpg",450.9636563876652,380.3083700440529,505.3909691629956,528.3480176211453,"bottle"
"shelf_0_wba15196-c007_image_23.jpg",390.0660792951542,380.8480176211454,444.4933920704846,528.887665198238,"bottle"
"shelf_0_wba15196-c007_image_23.jpg",325.3909691629956,389.636563876652,379.818281938326,537.6762114537446,"bottle"